-2.46E-04,-6.40E-04,-7400,-0.00272
-2.46E-04,-6.40E-04,-7400,-0.00272
-2.46E-04,-6.40E-04,-7400,-0.00272
-2.46E-04,-3.20E-04,-7400,-0.00272
-2.46E-04,-4.80E-04,-7200,-0.00256
-2.45E-04,-4.80E-04,-7600,-0.0024
-2.45E-04,-6.40E-04,-7200,-0.00256
-2.45E-04,-4.80E-04,-7600,-0.00256
-2.45E-04,-4.80E-04,-7400,-0.0024
-2.45E-04,-6.40E-04,-7400,-0.0024
-2.44E-04,-6.40E-04,-7600,-0.0024
-2.44E-04,-3.20E-04,-7800,-0.0024
-2.44E-04,-3.20E-04,-7600,-0.0024
-2.44E-04,-4.80E-04,-7600,-0.00224
-2.44E-04,-4.80E-04,-7600,-0.00224
-2.43E-04,-6.40E-04,-7600,-0.0024
-2.43E-04,-6.40E-04,-7600,-0.00224
-2.43E-04,-6.40E-04,-7600,-0.00224
-2.43E-04,-6.40E-04,-7800,-0.00224
-2.43E-04,-4.80E-04,-7600,-0.00208
-2.42E-04,-4.80E-04,-7600,-0.00192
-2.42E-04,-4.80E-04,-7800,-0.00176
-2.42E-04,-4.80E-04,-7600,-0.00208
-2.42E-04,-3.20E-04,-7800,-0.00176
-2.42E-04,-4.80E-04,-7600,-0.00176
-2.41E-04,-4.80E-04,-7800,-0.0016
-2.41E-04,-4.80E-04,-7600,-0.00176
-2.41E-04,-4.80E-04,-8000,-0.0016
-2.41E-04,-3.20E-04,-7600,-0.00176
-2.41E-04,-3.20E-04,-7800,-0.0016
-2.40E-04,-3.20E-04,-7800,-0.00144
-2.40E-04,-4.80E-04,-7800,-0.00128
-2.40E-04,-3.20E-04,-7600,-0.0016
-2.40E-04,-4.80E-04,-8000,-0.00144
-2.40E-04,-3.20E-04,-7800,-0.00144
-2.39E-04,-8.00E-04,-8000,-0.00144
-2.39E-04,0,-7800,-0.00144
-2.39E-04,-4.80E-04,-7800,-0.00112
-2.39E-04,-3.20E-04,-8000,-0.00128
-2.39E-04,-3.20E-04,-8000,-0.00112
-2.38E-04,-3.20E-04,-7800,-0.00112
-2.38E-04,-4.80E-04,-8000,-0.00128
-2.38E-04,-4.80E-04,-7600,-9.60E-04
-2.38E-04,-3.20E-04,-7800,-8.00E-04
-2.38E-04,-3.20E-04,-7800,-8.00E-04
-2.37E-04,-1.60E-04,-8000,-8.00E-04
-2.37E-04,-3.20E-04,-8000,-8.00E-04
-2.37E-04,-4.80E-04,-8200,-8.00E-04
-2.37E-04,-1.60E-04,-8000,-6.40E-04
-2.37E-04,-1.60E-04,-7800,-8.00E-04
-2.36E-04,-1.60E-04,-7800,-6.40E-04
-2.36E-04,-3.20E-04,-7800,-8.00E-04
-2.36E-04,-3.20E-04,-7800,-4.80E-04
-2.36E-04,0,-8000,-3.20E-04
-2.36E-04,-3.20E-04,-8000,-3.20E-04
-2.35E-04,-1.60E-04,-7800,-4.80E-04
-2.35E-04,-1.60E-04,-7800,-3.20E-04
-2.35E-04,-3.20E-04,-8000,-3.20E-04
-2.35E-04,-1.60E-04,-8000,-1.60E-04
-2.35E-04,-1.60E-04,-7800,-3.20E-04
-2.34E-04,-3.20E-04,-7800,-1.60E-04
-2.34E-04,-3.20E-04,-7600,0
-2.34E-04,-1.60E-04,-7800,-1.60E-04
-2.34E-04,-1.60E-04,-7800,0
-2.34E-04,-1.60E-04,-7800,0
-2.33E-04,-1.60E-04,-8000,0
-2.33E-04,0,-7600,1.60E-04
-2.33E-04,0,-7800,1.60E-04
-2.33E-04,-1.60E-04,-7600,3.20E-04
-2.33E-04,3.20E-04,-8000,1.60E-04
-2.32E-04,-1.60E-04,-8000,3.20E-04
-2.32E-04,0,-7800,3.20E-04
-2.32E-04,0,-7800,4.80E-04
-2.32E-04,3.20E-04,-7600,4.80E-04
-2.32E-04,-1.60E-04,-8000,6.40E-04
-2.31E-04,0,-7800,6.40E-04
-2.31E-04,0,-7800,4.80E-04
-2.31E-04,0,-7800,6.40E-04
-2.31E-04,0,-7800,6.40E-04
-2.31E-04,0,-8000,8.00E-04
-2.30E-04,0,-7800,8.00E-04
-2.30E-04,1.60E-04,-7600,6.40E-04
-2.30E-04,-1.60E-04,-7800,8.00E-04
-2.30E-04,1.60E-04,-7600,9.60E-04
-2.30E-04,-1.60E-04,-7800,9.60E-04
-2.29E-04,-1.60E-04,-7800,9.60E-04
-2.29E-04,3.20E-04,-7600,9.60E-04
-2.29E-04,0,-7600,0.00112
-2.29E-04,1.60E-04,-7800,0.00112
-2.29E-04,3.20E-04,-7600,0.00112
-2.28E-04,1.60E-04,-7800,0.00112
-2.28E-04,0,-7600,0.00112
-2.28E-04,0,-7400,0.00128
-2.28E-04,0,-7600,0.00144
-2.28E-04,1.60E-04,-7400,0.00144
-2.27E-04,1.60E-04,-7600,0.00144
-2.27E-04,1.60E-04,-7400,0.00144
-2.27E-04,0,-7600,0.00144
-2.27E-04,0,-7400,0.0016
-2.27E-04,1.60E-04,-7400,0.00176
-2.26E-04,1.60E-04,-7200,0.0016
-2.26E-04,3.20E-04,-7400,0.00176
-2.26E-04,3.20E-04,-7400,0.00176
-2.26E-04,1.60E-04,-7400,0.00176
-2.26E-04,3.20E-04,-7400,0.00176
-2.25E-04,3.20E-04,-7400,0.00208
-2.25E-04,1.60E-04,-7400,0.00192
-2.25E-04,1.60E-04,-7200,0.00192
-2.25E-04,0,-7400,0.00192
-2.25E-04,3.20E-04,-7200,0.00208
-2.24E-04,4.80E-04,-7400,0.00208
-2.24E-04,3.20E-04,-7400,0.00224
-2.24E-04,1.60E-04,-7200,0.00208
-2.24E-04,1.60E-04,-7200,0.00224
-2.24E-04,1.60E-04,-7200,0.00224
-2.23E-04,1.60E-04,-7000,0.00224
-2.23E-04,1.60E-04,-7200,0.00224
-2.23E-04,1.60E-04,-7000,0.0024
-2.23E-04,4.80E-04,-7000,0.00256
-2.23E-04,4.80E-04,-7000,0.00272
-2.22E-04,1.60E-04,-7200,0.00256
-2.22E-04,3.20E-04,-7000,0.00256
-2.22E-04,4.80E-04,-7000,0.00272
-2.22E-04,3.20E-04,-7000,0.00272
-2.22E-04,1.60E-04,-6800,0.00256
-2.21E-04,3.20E-04,-6800,0.00272
-2.21E-04,3.20E-04,-7000,0.00272
-2.21E-04,4.80E-04,-6600,0.00288
-2.21E-04,3.20E-04,-6800,0.00288
-2.21E-04,3.20E-04,-7000,0.00288
-2.20E-04,3.20E-04,-6600,0.00304
-2.20E-04,3.20E-04,-6600,0.00288
-2.20E-04,3.20E-04,-6600,0.00304
-2.20E-04,3.20E-04,-6600,0.00304
-2.20E-04,1.60E-04,-6800,0.0032
-2.19E-04,4.80E-04,-6600,0.00304
-2.19E-04,4.80E-04,-6400,0.0032
-2.19E-04,3.20E-04,-6600,0.00304
-2.19E-04,4.80E-04,-6600,0.00336
-2.19E-04,4.80E-04,-6400,0.0032
-2.18E-04,3.20E-04,-6400,0.0032
-2.18E-04,4.80E-04,-6400,0.00336
-2.18E-04,4.80E-04,-6400,0.0032
-2.18E-04,6.40E-04,-6400,0.00336
-2.18E-04,4.80E-04,-6200,0.00368
-2.17E-04,4.80E-04,-6400,0.00352
-2.17E-04,3.20E-04,-6400,0.00368
-2.17E-04,8.00E-04,-6200,0.00368
-2.17E-04,4.80E-04,-6200,0.00352
-2.17E-04,4.80E-04,-6000,0.00352
-2.16E-04,4.80E-04,-6000,0.00368
-2.16E-04,4.80E-04,-6000,0.00384
-2.16E-04,8.00E-04,-5800,0.00384
-2.16E-04,6.40E-04,-6200,0.00384
-2.16E-04,4.80E-04,-6000,0.00384
-2.15E-04,4.80E-04,-6000,0.004
-2.15E-04,6.40E-04,-6000,0.004
-2.15E-04,6.40E-04,-6000,0.004
-2.15E-04,8.00E-04,-5800,0.004
-2.15E-04,6.40E-04,-5800,0.00416
-2.14E-04,6.40E-04,-5600,0.004
-2.14E-04,8.00E-04,-5600,0.004
-2.14E-04,4.80E-04,-5600,0.00432
-2.14E-04,4.80E-04,-5600,0.00432
-2.14E-04,4.80E-04,-5600,0.00448
-2.13E-04,6.40E-04,-5400,0.00416
-2.13E-04,6.40E-04,-5400,0.00432
-2.13E-04,4.80E-04,-5400,0.00432
-2.13E-04,8.00E-04,-5400,0.00448
-2.13E-04,6.40E-04,-5400,0.00448
-2.12E-04,6.40E-04,-5200,0.00448
-2.12E-04,6.40E-04,-5200,0.00448
-2.12E-04,8.00E-04,-5200,0.00464
-2.12E-04,4.80E-04,-5200,0.00464
-2.12E-04,8.00E-04,-5000,0.00464
-2.11E-04,6.40E-04,-5000,0.00448
-2.11E-04,6.40E-04,-4800,0.00464
-2.11E-04,6.40E-04,-5200,0.0048
-2.11E-04,8.00E-04,-5200,0.00464
-2.11E-04,6.40E-04,-4800,0.0048
-2.10E-04,9.60E-04,-4800,0.0048
-2.10E-04,6.40E-04,-4600,0.00496
-2.10E-04,8.00E-04,-4800,0.00496
-2.10E-04,8.00E-04,-4800,0.00496
-2.10E-04,6.40E-04,-4800,0.00496
-2.09E-04,0.00112,-4600,0.00496
-2.09E-04,6.40E-04,-4600,0.00496
-2.09E-04,8.00E-04,-4600,0.00496
-2.09E-04,9.60E-04,-4400,0.00512
-2.09E-04,0.00112,-4400,0.00496
-2.08E-04,8.00E-04,-4400,0.00528
-2.08E-04,6.40E-04,-4200,0.00512
-2.08E-04,6.40E-04,-4200,0.00512
-2.08E-04,8.00E-04,-4200,0.00512
-2.08E-04,9.60E-04,-4200,0.00528
-2.07E-04,8.00E-04,-4000,0.00512
-2.07E-04,8.00E-04,-4200,0.00528
-2.07E-04,6.40E-04,-4000,0.00528
-2.07E-04,8.00E-04,-4000,0.00528
-2.07E-04,8.00E-04,-3800,0.00544
-2.06E-04,6.40E-04,-3800,0.00544
-2.06E-04,9.60E-04,-3800,0.00544
-2.06E-04,8.00E-04,-3800,0.00544
-2.06E-04,9.60E-04,-4000,0.00544
-2.06E-04,9.60E-04,-3800,0.00544
-2.05E-04,9.60E-04,-3800,0.00544
-2.05E-04,6.40E-04,-3600,0.0056
-2.05E-04,6.40E-04,-3600,0.0056
-2.05E-04,8.00E-04,-3600,0.00544
-2.05E-04,8.00E-04,-3400,0.0056
-2.04E-04,0.00112,-3200,0.00544
-2.04E-04,9.60E-04,-3400,0.00576
-2.04E-04,9.60E-04,-3000,0.0056
-2.04E-04,8.00E-04,-3200,0.00576
-2.04E-04,9.60E-04,-3200,0.00576
-2.03E-04,9.60E-04,-3200,0.00576
-2.03E-04,9.60E-04,-3000,0.00592
-2.03E-04,8.00E-04,-3000,0.00576
-2.03E-04,9.60E-04,-3000,0.00592
-2.03E-04,9.60E-04,-2600,0.00576
-2.02E-04,9.60E-04,-2800,0.00576
-2.02E-04,8.00E-04,-2800,0.00576
-2.02E-04,8.00E-04,-2800,0.00592
-2.02E-04,9.60E-04,-2600,0.00592
-2.02E-04,9.60E-04,-2600,0.00608
-2.01E-04,6.40E-04,-2600,0.00608
-2.01E-04,9.60E-04,-2600,0.00576
-2.01E-04,9.60E-04,-2400,0.00592
-2.01E-04,8.00E-04,-2600,0.00608
-2.01E-04,8.00E-04,-2200,0.00592
-2.00E-04,9.60E-04,-2200,0.00608
-2.00E-04,0.00112,-2400,0.00608
-2.00E-04,8.00E-04,-2200,0.00592
-2.00E-04,8.00E-04,-2200,0.00608
-2.00E-04,0.00112,-2200,0.00608
-1.99E-04,0.00112,-2200,0.00624
-1.99E-04,0.00112,-2200,0.00608
-1.99E-04,0.00112,-2000,0.00624
-1.99E-04,9.60E-04,-1800,0.00608
-1.99E-04,8.00E-04,-1800,0.00608
-1.98E-04,9.60E-04,-1800,0.00608
-1.98E-04,8.00E-04,-1600,0.00624
-1.98E-04,9.60E-04,-1800,0.00608
-1.98E-04,9.60E-04,-1800,0.0064
-1.98E-04,8.00E-04,-1800,0.00624
-1.97E-04,9.60E-04,-1400,0.00608
-1.97E-04,0.00112,-1600,0.0064
-1.97E-04,9.60E-04,-1400,0.00624
-1.97E-04,9.60E-04,-1200,0.00624
-1.97E-04,8.00E-04,-1000,0.0064
-1.96E-04,8.00E-04,-1200,0.0064
-1.96E-04,0.00112,-1000,0.0064
-1.96E-04,9.60E-04,-1200,0.0064
-1.96E-04,9.60E-04,-1200,0.0064
-1.96E-04,8.00E-04,-800,0.0064
-1.95E-04,8.00E-04,-1000,0.0064
-1.95E-04,8.00E-04,-1000,0.00624
-1.95E-04,0.00112,-800,0.0064
-1.95E-04,9.60E-04,-1000,0.0064
-1.95E-04,0.00112,-400,0.0064
-1.94E-04,0.00112,-800,0.0064
-1.94E-04,0.00112,-600,0.0064
-1.94E-04,9.60E-04,-600,0.0064
-1.94E-04,0.00112,-600,0.00656
-1.94E-04,8.00E-04,-400,0.00656
-1.93E-04,8.00E-04,-400,0.0064
-1.93E-04,9.60E-04,-400,0.0064
-1.93E-04,9.60E-04,-400,0.0064
-1.93E-04,0.00112,-200,0.00624
-1.93E-04,0.00112,-200,0.00624
-1.92E-04,0.00112,0,0.0064
-1.92E-04,0.00128,0,0.0064
-1.92E-04,9.60E-04,0,0.00656
-1.92E-04,0.00112,0,0.00656
-1.92E-04,9.60E-04,400,0.0064
-1.91E-04,0.00112,400,0.00656
-1.91E-04,9.60E-04,400,0.00656
-1.91E-04,9.60E-04,200,0.00656
-1.91E-04,0.00128,400,0.00656
-1.91E-04,0.00128,400,0.0064
-1.90E-04,8.00E-04,600,0.00656
-1.90E-04,0.00112,600,0.00656
-1.90E-04,0.00112,600,0.00656
-1.90E-04,9.60E-04,600,0.0064
-1.90E-04,0.00144,800,0.0064
-1.89E-04,0.00112,800,0.00656
-1.89E-04,0.00112,800,0.0064
-1.89E-04,0.00112,1000,0.0064
-1.89E-04,0.00144,800,0.00656
-1.89E-04,9.60E-04,1000,0.00656
-1.88E-04,0.00112,1600,0.00656
-1.88E-04,9.60E-04,1200,0.0064
-1.88E-04,9.60E-04,1400,0.0064
-1.88E-04,0.00112,1200,0.00672
-1.88E-04,0.00112,1400,0.00656
-1.87E-04,8.00E-04,1200,0.00656
-1.87E-04,9.60E-04,1600,0.00656
-1.87E-04,0.00128,1400,0.00656
-1.87E-04,9.60E-04,1600,0.0064
-1.87E-04,9.60E-04,1800,0.0064
-1.86E-04,0.00112,1400,0.00656
-1.86E-04,0.00112,1800,0.00656
-1.86E-04,9.60E-04,1600,0.0064
-1.86E-04,0.00112,2000,0.00656
-1.86E-04,0.00128,2000,0.00656
-1.85E-04,9.60E-04,2000,0.00624
-1.85E-04,8.00E-04,1800,0.00656
-1.85E-04,8.00E-04,2200,0.0064
-1.85E-04,9.60E-04,2000,0.00656
-1.85E-04,0.00112,2400,0.00656
-1.84E-04,0.00112,2200,0.0064
-1.84E-04,0.00112,2200,0.012
-1.84E-04,0.00256,2200,0.00672
-1.84E-04,0.00304,2200,0.00592
-1.84E-04,0.00256,2400,0.00624
-1.83E-04,0.00208,2400,0.0064
-1.83E-04,0.0016,2600,0.0064
-1.83E-04,0.00144,2600,0.00672
-1.83E-04,0.00144,2400,0.0064
-1.83E-04,0.00112,2600,0.0064
-1.82E-04,0.00128,2800,0.0064
-1.82E-04,9.60E-04,2600,0.0064
-1.82E-04,0.00128,2600,0.0064
-1.82E-04,0.00128,2800,0.00896
-1.82E-04,0.00848,2800,0.00656
-1.81E-04,0.00864,3200,0.00448
-1.81E-04,0.00624,3000,0.0048
-1.81E-04,0.00432,3000,0.00544
-1.81E-04,0.00288,3000,0.00592
-1.81E-04,0.00224,3200,0.00608
-1.80E-04,0.00176,3200,0.00624
-1.80E-04,0.00128,2800,0.00624
-1.80E-04,0.00128,3200,0.0064
-1.80E-04,0.00128,3200,0.00624
-1.80E-04,0.00128,3200,0.0064
-1.79E-04,0.00112,3200,0.00608
-1.79E-04,0.00128,3200,0.0064
-1.79E-04,0.00112,3400,0.00592
-1.79E-04,0.00144,3600,0.00608
-1.79E-04,9.60E-04,3600,0.00608
-1.78E-04,0.00112,3800,0.00672
-1.78E-04,0.00256,3800,0.00624
-1.78E-04,0.0032,3800,0.00592
-1.78E-04,0.00288,3600,0.00608
-1.78E-04,0.00208,3600,0.00592
-1.77E-04,0.00192,3800,0.00608
-1.77E-04,0.00144,4000,0.00608
-1.77E-04,0.00128,4000,0.00608
-1.77E-04,0.00112,4000,0.00704
-1.77E-04,0.00208,4000,0.00544
-1.76E-04,0.00224,4000,0.00576
-1.76E-04,0.00208,3800,0.00592
-1.76E-04,0.00176,4400,0.00592
-1.76E-04,0.0016,4200,0.00608
-1.76E-04,0.00144,4200,0.00608
-1.75E-04,0.00128,4200,0.00592
-1.75E-04,0.0016,4200,0.00592
-1.75E-04,0.00144,4200,0.00576
-1.75E-04,0.0016,4600,0.00672
-1.75E-04,0.00272,4400,0.008
-1.74E-04,0.00608,4400,0.00384
-1.74E-04,0.00688,4600,0.00336
-1.74E-04,0.0056,4400,0.00416
-1.74E-04,0.00384,4600,0.00496
-1.74E-04,0.00272,4600,0.00528
-1.73E-04,0.00224,4600,0.00544
-1.73E-04,0.00192,4600,0.0056
-1.73E-04,0.00144,4800,0.00544
-1.73E-04,0.00128,4800,0.00544
-1.73E-04,0.00128,4800,0.00592
-1.72E-04,0.00128,5000,0.00608
-1.72E-04,0.00384,5000,0.00512
-1.72E-04,0.00416,5000,0.0048
-1.72E-04,0.0032,5000,0.00496
-1.72E-04,0.00384,5200,0.00448
-1.71E-04,0.00688,5200,0.00368
-1.71E-04,0.0048,4800,0.00464
-1.71E-04,0.00336,5000,0.0048
-1.71E-04,0.00256,5200,0.00752
-1.71E-04,0.00384,5200,0.00464
-1.70E-04,0.004,5200,0.00448
-1.70E-04,0.00336,5000,0.0048
-1.70E-04,0.00304,5200,0.00464
-1.70E-04,0.00272,5600,0.0048
-1.70E-04,0.00192,5200,0.00496
-1.69E-04,0.00176,5200,0.00512
-1.69E-04,0.00144,5200,0.0056
-1.69E-04,0.00176,5400,0.00592
-1.69E-04,0.00192,5600,0.00464
-1.69E-04,0.00224,5400,0.00448
-1.68E-04,0.00208,5600,0.0048
-1.68E-04,0.0032,5800,0.00448
-1.68E-04,0.00624,5400,0.00288
-1.68E-04,0.00656,5800,0.00272
-1.68E-04,0.00576,5400,0.00336
-1.67E-04,0.00416,5600,0.00384
-1.67E-04,0.0032,5800,0.00448
-1.67E-04,0.00256,5800,0.0048
-1.67E-04,0.00208,5800,0.0048
-1.67E-04,0.00192,5800,0.00496
-1.66E-04,0.00144,5800,0.00464
-1.66E-04,0.00144,5800,0.00528
-1.66E-04,0.00128,6000,0.00544
-1.66E-04,0.00192,6000,0.00512
-1.66E-04,0.00192,6000,0.00544
-1.65E-04,0.00336,6200,0.00272
-1.65E-04,0.00448,6000,0.00336
-1.65E-04,0.004,6000,0.0032
-1.65E-04,0.00944,6200,0
-1.65E-04,0.00816,6000,0.00192
-1.64E-04,0.00592,6000,0.00336
-1.64E-04,0.00432,6200,0.00336
-1.64E-04,0.0032,6400,0.00432
-1.64E-04,0.00272,6200,0.00352
-1.64E-04,0.00224,6400,0.004
-1.63E-04,0.00208,6200,0.00496
-1.63E-04,0.00208,6200,0.00432
-1.63E-04,0.00192,6200,0.004
-1.63E-04,0.00176,6400,0.00384
-1.63E-04,0.0016,6400,0.004
-1.62E-04,0.00128,6400,0.004
-1.62E-04,0.00144,6400,0.00464
-1.62E-04,0.00816,6400,-0.00448
-1.62E-04,0.01216,6400,0.00144
-1.62E-04,0.00736,6400,0.0032
-1.61E-04,0.00496,6200,0.00272
-1.61E-04,0.004,6200,0.00272
-1.61E-04,0.0032,6400,0.00368
-1.61E-04,0.00256,6400,0.00384
-1.61E-04,0.00176,6600,0.00432
-1.60E-04,0.00144,6600,0.004
-1.60E-04,0.00128,6400,0.00368
-1.60E-04,0.00144,6800,0.00368
-1.60E-04,0.00128,6600,0.004
-1.60E-04,0.00112,6600,0.00384
-1.59E-04,0.00112,6800,0.00384
-1.59E-04,9.60E-04,6600,0.00368
-1.59E-04,9.60E-04,6600,0.00368
-1.59E-04,0.00128,7000,0.00352
-1.59E-04,0.0016,7000,0.004
-1.58E-04,0.00192,7000,0.0032
-1.58E-04,0.0016,7000,0.0032
-1.58E-04,0.0016,6800,0.0032
-1.58E-04,0.00128,6800,0.00336
-1.58E-04,0.00432,6800,0.0032
-1.57E-04,0.00624,7200,0.00176
-1.57E-04,0.0072,6800,0.00128
-1.57E-04,0.00624,7000,8.00E-04
-1.57E-04,0.0048,7000,0.00192
-1.57E-04,0.00384,7200,0.00272
-1.56E-04,0.00272,6800,0.00304
-1.56E-04,0.00208,7200,0.0032
-1.56E-04,0.00144,7000,0.00336
-1.56E-04,0.00112,7000,0.00336
-1.56E-04,9.60E-04,7000,0.00336
-1.55E-04,9.60E-04,7200,0.0032
-1.55E-04,9.60E-04,7200,0.00368
-1.55E-04,0.00128,7400,0.0032
-1.55E-04,0.00144,7200,0.00288
-1.55E-04,0.00128,7200,0.00288
-1.54E-04,0.00128,7200,0.00272
-1.54E-04,0.00112,7200,0.00288
-1.54E-04,9.60E-04,7400,0.00176
-1.54E-04,0.00576,7400,-0.00192
-1.54E-04,0.00656,7400,0.00112
-1.53E-04,0.004,7200,0.00208
-1.53E-04,0.0024,7400,0.00256
-1.53E-04,0.0016,7200,0.00256
-1.53E-04,0.00144,7200,0.00256
-1.53E-04,0.00128,7400,0.00256
-1.52E-04,9.60E-04,7600,0.00272
-1.52E-04,9.60E-04,7600,0.00272
-1.52E-04,0.00128,7400,-0.004
-1.52E-04,0.01344,7400,-0.0016
-1.52E-04,0.00848,7400,0.00176
-1.51E-04,0.0136,7400,-0.0032
-1.51E-04,0.00944,7200,3.20E-04
-1.51E-04,0.00576,7400,0.00144
-1.51E-04,0.00336,7600,0.00176
-1.51E-04,0.00208,7600,0.00224
-1.50E-04,0.0016,7400,0.00208
-1.50E-04,0.00112,7400,0.00224
-1.50E-04,0.00192,7400,0.00208
-1.50E-04,0.00144,7400,0.0016
-1.50E-04,0.00176,7600,0.00192
-1.49E-04,0.00144,7600,0.00192
-1.49E-04,0.00112,7400,0.00176
-1.49E-04,9.60E-04,7400,0.00192
-1.49E-04,4.80E-04,7400,0.00192
-1.49E-04,9.60E-04,7800,0.00128
-1.48E-04,0.00224,7800,9.60E-04
-1.48E-04,0.00144,7400,0.00176
-1.48E-04,0.00112,7800,0.00176
-1.48E-04,8.00E-04,7600,0.00192
-1.48E-04,9.60E-04,7600,0.00176
-1.47E-04,8.00E-04,7800,0.00208
-1.47E-04,8.00E-04,7800,0.0016
-1.47E-04,8.00E-04,7800,0.00176
-1.47E-04,8.00E-04,7600,0.00176
-1.47E-04,8.00E-04,7600,0.00176
-1.46E-04,8.00E-04,7600,0.00272
-1.46E-04,0.00128,7600,0.00224
-1.46E-04,0.00112,7600,0.00128
-1.46E-04,0.00112,7600,0.00112
-1.46E-04,9.60E-04,7600,0.00112
-1.45E-04,6.40E-04,7800,0.00256
-1.45E-04,0.00704,7800,-0.00224
-1.45E-04,0.0104,7800,-0.00384
-1.45E-04,0.01424,7600,-0.00288
-1.45E-04,0.00816,7600,-4.80E-04
-1.44E-04,0.00464,7400,1.60E-04
-1.44E-04,0.00272,7800,6.40E-04
-1.44E-04,0.00192,7600,6.40E-04
-1.44E-04,9.60E-04,7600,8.00E-04
-1.44E-04,8.00E-04,8000,9.60E-04
-1.43E-04,9.60E-04,7600,0.00112
-1.43E-04,8.00E-04,7400,8.00E-04
-1.43E-04,8.00E-04,7600,8.00E-04
-1.43E-04,8.00E-04,7600,9.60E-04
-1.43E-04,6.40E-04,7800,8.00E-04
-1.42E-04,4.80E-04,7600,8.00E-04
-1.42E-04,4.80E-04,7600,6.40E-04
-1.42E-04,4.80E-04,7800,6.40E-04
-1.42E-04,8.00E-04,7800,6.40E-04
-1.42E-04,3.20E-04,7600,6.40E-04
-1.41E-04,4.80E-04,8000,6.40E-04
-1.41E-04,3.20E-04,7800,4.80E-04
-1.41E-04,6.40E-04,7800,3.20E-04
-1.41E-04,4.80E-04,7600,4.80E-04
-1.41E-04,9.60E-04,7600,0
-1.40E-04,0.00192,7800,-3.20E-04
-1.40E-04,0.00144,7800,0
-1.40E-04,8.00E-04,7600,1.60E-04
-1.40E-04,6.40E-04,7600,1.60E-04
-1.40E-04,4.80E-04,7600,1.60E-04
-1.39E-04,4.80E-04,7600,1.60E-04
-1.39E-04,3.20E-04,7600,0
-1.39E-04,3.20E-04,7800,0
-1.39E-04,3.20E-04,8000,0
-1.39E-04,4.80E-04,7800,0
-1.38E-04,3.20E-04,7800,-1.60E-04
-1.38E-04,3.20E-04,7600,-1.60E-04
-1.38E-04,3.20E-04,7600,0
-1.38E-04,4.80E-04,7600,-1.60E-04
-1.38E-04,3.20E-04,7800,-3.20E-04
-1.37E-04,1.60E-04,7800,-1.60E-04
-1.37E-04,3.20E-04,7600,-3.20E-04
-1.37E-04,1.60E-04,7800,-4.80E-04
-1.37E-04,4.80E-04,8000,-3.20E-04
-1.37E-04,1.60E-04,7400,-3.20E-04
-1.36E-04,1.60E-04,7600,-6.40E-04
-1.36E-04,3.20E-04,7600,-4.80E-04
-1.36E-04,1.60E-04,7400,-4.80E-04
-1.36E-04,0,7400,-4.80E-04
-1.36E-04,1.60E-04,7600,-6.40E-04
-1.35E-04,1.60E-04,7600,-6.40E-04
-1.35E-04,1.60E-04,7800,-4.80E-04
-1.35E-04,1.60E-04,7600,-8.00E-04
-1.35E-04,1.60E-04,7600,-6.40E-04
-1.35E-04,1.60E-04,7600,-6.40E-04
-1.34E-04,0,7600,-8.00E-04
-1.34E-04,1.60E-04,7600,-9.60E-04
-1.34E-04,0,7400,-9.60E-04
-1.34E-04,1.60E-04,7600,-9.60E-04
-1.34E-04,3.20E-04,7400,-8.00E-04
-1.33E-04,0,7600,-0.00128
-1.33E-04,1.60E-04,7600,-0.00112
-1.33E-04,1.60E-04,7600,-0.00128
-1.33E-04,3.20E-04,7400,-0.00128
-1.33E-04,1.60E-04,7600,-0.00112
-1.32E-04,1.60E-04,7400,-0.00112
-1.32E-04,0,7600,-0.00144
-1.32E-04,1.60E-04,7600,-0.00144
-1.32E-04,0,7400,-0.00144
-1.32E-04,0,7400,-0.00144
-1.31E-04,0,7400,-0.00144
-1.31E-04,1.60E-04,7400,-0.00144
-1.31E-04,0,7800,-0.0016
-1.31E-04,-1.60E-04,7400,-0.0016
-1.31E-04,1.60E-04,7400,-0.0016
-1.30E-04,0,7400,-0.0016
-1.30E-04,3.20E-04,7600,-0.0016
-1.30E-04,0,7200,-0.00176
-1.30E-04,0,7200,-0.00192
-1.30E-04,3.20E-04,7600,-0.00176
-1.29E-04,1.60E-04,7200,-0.00192
-1.29E-04,-1.60E-04,7200,-0.00176
-1.29E-04,-1.60E-04,7200,-0.00192
-1.29E-04,-3.20E-04,7200,-0.00208
-1.29E-04,-1.60E-04,7400,-0.00208
-1.28E-04,0,7000,-0.00208
-1.28E-04,-1.60E-04,7400,-0.00208
-1.28E-04,-1.60E-04,7200,-0.00224
-1.28E-04,-3.20E-04,7200,-0.00224
-1.28E-04,0,7400,-0.00224
-1.27E-04,-3.20E-04,7200,-0.00208
-1.27E-04,-1.60E-04,7200,-0.0024
-1.27E-04,0,7000,-0.00224
-1.27E-04,-3.20E-04,7000,-0.0024
-1.27E-04,0,6800,-0.00256
-1.26E-04,-1.60E-04,6800,-0.0024
-1.26E-04,-1.60E-04,7000,-0.0024
-1.26E-04,-1.60E-04,7200,-0.00256
-1.26E-04,-3.20E-04,6600,-0.0024
-1.26E-04,-3.20E-04,6800,-0.00272
-1.25E-04,0,7000,-0.00256
-1.25E-04,0,6800,-0.00256
-1.25E-04,-1.60E-04,7000,-0.00272
-1.25E-04,-3.20E-04,6400,-0.00256
-1.25E-04,-1.60E-04,6800,-0.00272
-1.24E-04,-3.20E-04,6800,-0.00272
-1.24E-04,-3.20E-04,6600,-0.00272
-1.24E-04,-3.20E-04,6800,-0.00272
-1.24E-04,-1.60E-04,6800,-0.00288
-1.24E-04,-3.20E-04,6800,-0.00304
-1.23E-04,-3.20E-04,6800,-0.00288
-1.23E-04,-4.80E-04,6600,-0.00288
-1.23E-04,-1.60E-04,6800,-0.0032
-1.23E-04,-3.20E-04,6400,-0.0032
-1.23E-04,-3.20E-04,6600,-0.0032
-1.22E-04,-3.20E-04,6600,-0.0032
-1.22E-04,-3.20E-04,6400,-0.00336
-1.22E-04,-4.80E-04,6600,-0.0032
-1.22E-04,-4.80E-04,6200,-0.00336
-1.22E-04,-3.20E-04,6200,-0.0032
-1.21E-04,-6.40E-04,6200,-0.00336
-1.21E-04,-3.20E-04,6200,-0.00352
-1.21E-04,-6.40E-04,6000,-0.00352
-1.21E-04,-4.80E-04,6400,-0.00352
-1.21E-04,-6.40E-04,6400,-0.00352
-1.20E-04,-3.20E-04,6000,-0.00352
-1.20E-04,-3.20E-04,6000,-0.00352
-1.20E-04,-3.20E-04,6000,-0.00368
-1.20E-04,-4.80E-04,6200,-0.00336
-1.20E-04,-6.40E-04,5800,-0.00384
-1.19E-04,-6.40E-04,6000,-0.00368
-1.19E-04,-6.40E-04,6000,-0.00384
-1.19E-04,-4.80E-04,6000,-0.00384
-1.19E-04,-4.80E-04,6000,-0.00384
-1.19E-04,-4.80E-04,5800,-0.00384
-1.18E-04,-3.20E-04,5600,-0.00384
-1.18E-04,-8.00E-04,5800,-0.00384
-1.18E-04,-4.80E-04,5600,-0.004
-1.18E-04,-4.80E-04,5600,-0.00416
-1.18E-04,-6.40E-04,5600,-0.004
-1.17E-04,-6.40E-04,5800,-0.00416
-1.17E-04,-6.40E-04,5800,-0.004
-1.17E-04,-6.40E-04,5600,-0.004
-1.17E-04,-4.80E-04,5400,-0.00416
-1.17E-04,-6.40E-04,5400,-0.00416
-1.16E-04,-6.40E-04,5400,-0.00416
-1.16E-04,-8.00E-04,5200,-0.00416
-1.16E-04,-8.00E-04,5200,-0.00416
-1.16E-04,-6.40E-04,5400,-0.00432
-1.16E-04,-6.40E-04,5400,-0.00432
-1.15E-04,-6.40E-04,5400,-0.00432
-1.15E-04,-6.40E-04,5000,-0.00448
-1.15E-04,-8.00E-04,5000,-0.00432
-1.15E-04,-6.40E-04,5000,-0.00448
-1.15E-04,-9.60E-04,5200,-0.00448
-1.14E-04,-8.00E-04,5000,-0.00432
-1.14E-04,-8.00E-04,5000,-0.00432
-1.14E-04,-9.60E-04,5200,-0.00464
-1.14E-04,-4.80E-04,5000,-0.00448
-1.14E-04,-6.40E-04,4800,-0.00464
-1.13E-04,-6.40E-04,5000,-0.00464
-1.13E-04,-6.40E-04,5000,-0.00448
-1.13E-04,-4.80E-04,4800,-0.0048
-1.13E-04,-6.40E-04,5000,-0.0048
-1.13E-04,-6.40E-04,4800,-0.0048
-1.12E-04,-4.80E-04,4800,-0.0048
-1.12E-04,-6.40E-04,4800,-0.0048
-1.12E-04,-8.00E-04,4600,-0.00496
-1.12E-04,-8.00E-04,4400,-0.00496
-1.12E-04,-9.60E-04,4600,-0.0048
-1.11E-04,-6.40E-04,4200,-0.00496
-1.11E-04,-9.60E-04,4600,-0.00512
-1.11E-04,-6.40E-04,4400,-0.00496
-1.11E-04,-8.00E-04,4400,-0.00496
-1.11E-04,-9.60E-04,4400,-0.00512
-1.10E-04,-3.20E-04,4400,-0.00512
-1.10E-04,-9.60E-04,4000,-0.00528
-1.10E-04,-6.40E-04,4000,-0.00496
-1.10E-04,-6.40E-04,4000,-0.00512
-1.10E-04,-6.40E-04,4200,-0.00512
-1.09E-04,-8.00E-04,4000,-0.00512
-1.09E-04,-9.60E-04,4200,-0.00512
-1.09E-04,-0.00112,4000,-0.00528
-1.09E-04,-9.60E-04,4000,-0.00512
-1.09E-04,-9.60E-04,3800,-0.00528
-1.08E-04,-8.00E-04,3800,-0.00528
-1.08E-04,-9.60E-04,3800,-0.00528
-1.08E-04,-9.60E-04,3800,-0.00512
-1.08E-04,-8.00E-04,3600,-0.00528
-1.08E-04,-0.00112,3400,-0.00528
-1.07E-04,-9.60E-04,3600,-0.00544
-1.07E-04,-8.00E-04,3400,-0.00544
-1.07E-04,-9.60E-04,3400,-0.0056
-1.07E-04,-8.00E-04,3400,-0.00528
-1.07E-04,-9.60E-04,3200,-0.00544
-1.06E-04,-6.40E-04,3200,-0.0056
-1.06E-04,-9.60E-04,3400,-0.0056
-1.06E-04,-9.60E-04,3200,-0.00544
-1.06E-04,-0.00112,3200,-0.0056
-1.06E-04,-0.00112,3200,-0.00576
-1.05E-04,-8.00E-04,3000,-0.0056
-1.05E-04,-9.60E-04,3000,-0.00576
-1.05E-04,-0.00112,2800,-0.0056
-1.05E-04,-9.60E-04,2600,-0.00576
-1.05E-04,-9.60E-04,3000,-0.0056
-1.04E-04,-9.60E-04,2600,-0.00576
-1.04E-04,-0.00112,2800,-0.00576
-1.04E-04,-9.60E-04,3000,-0.00592
-1.04E-04,-9.60E-04,2600,-0.00576
-1.04E-04,-8.00E-04,2400,-0.00576
-1.03E-04,-9.60E-04,2600,-0.00592
-1.03E-04,-9.60E-04,2400,-0.00576
-1.03E-04,-9.60E-04,2400,-0.00576
-1.03E-04,-9.60E-04,2400,-0.00576
-1.03E-04,-0.00112,2200,-0.00576
-1.02E-04,-9.60E-04,2400,-0.00576
-1.02E-04,-9.60E-04,2200,-0.00576
-1.02E-04,-0.00128,2200,-0.00592
-1.02E-04,-9.60E-04,2000,-0.00592
-1.02E-04,-0.00112,2000,-0.00608
-1.01E-04,-8.00E-04,2000,-0.00592
-1.01E-04,-0.00112,1800,-0.00592
-1.01E-04,-0.00128,2000,-0.00608
-1.01E-04,-0.00128,1800,-0.00608
-1.01E-04,-8.00E-04,2000,-0.00592
-1.00E-04,-9.60E-04,1800,-0.00608
-1.00E-04,-0.00112,1600,-0.00608
-1.00E-04,-0.00112,1600,-0.00608
-9.98E-05,-0.00112,1800,-0.00608
-9.96E-05,-0.00112,1600,-0.00592
-9.94E-05,-0.00128,1200,-0.00592
-9.92E-05,-0.00112,1400,-0.00624
-9.90E-05,-9.60E-04,1600,-0.00624
-9.88E-05,-0.00112,1400,-0.00608
-9.86E-05,-0.00112,1200,-0.00624
-9.84E-05,-0.00112,1200,-0.00624
-9.82E-05,-9.60E-04,1200,-0.00608
-9.80E-05,-0.00112,1200,-0.00624
-9.78E-05,-0.00128,800,-0.00608
-9.76E-05,-0.00112,1200,-0.0064
-9.74E-05,-0.00112,1200,-0.00608
-9.72E-05,-0.00112,1000,-0.00624
-9.70E-05,-9.60E-04,600,-0.00608
-9.68E-05,-8.00E-04,800,-0.00624
-9.66E-05,-0.00112,600,-0.00608
-9.64E-05,-0.00112,800,-0.00608
-9.62E-05,-0.00144,400,-0.00624
-9.60E-05,-0.00112,600,-0.00624
-9.58E-05,-8.00E-04,600,-0.00624
-9.56E-05,-8.00E-04,600,-0.00624
-9.54E-05,-0.00112,400,-0.00624
-9.52E-05,-0.00112,400,-0.00624
-9.50E-05,-0.00112,200,-0.00608
-9.48E-05,-0.00112,400,-0.0064
-9.46E-05,-0.00112,400,-0.00624
-9.44E-05,-0.00112,200,-0.0064
-9.42E-05,-0.00128,200,-0.00608
-9.40E-05,-0.00112,0,-0.00624
-9.38E-05,-0.00112,-200,-0.0064
-9.36E-05,-0.00128,0,-0.0064
-9.34E-05,-0.00112,0,-0.0064
-9.32E-05,-8.00E-04,-400,-0.00624
-9.30E-05,-0.00128,-400,-0.0064
-9.28E-05,-0.00112,-400,-0.0064
-9.26E-05,-9.60E-04,-400,-0.0064
-9.24E-05,-0.00112,-200,-0.0064
-9.22E-05,-0.00112,-400,-0.0064
-9.20E-05,-0.00128,-400,-0.0064
-9.18E-05,-0.00128,-400,-0.00624
-9.16E-05,-9.60E-04,-600,-0.00624
-9.14E-05,-0.00128,-600,-0.0064
-9.12E-05,-0.00128,-800,-0.0064
-9.10E-05,-0.00112,-800,-0.00624
-9.08E-05,-0.00128,-800,-0.0064
-9.06E-05,-8.00E-04,-600,-0.00624
-9.04E-05,-0.00112,-800,-0.0064
-9.02E-05,-9.60E-04,-1000,-0.0064
-9.00E-05,-9.60E-04,-1000,-0.00624
-8.98E-05,-9.60E-04,-1000,-0.0064
-8.96E-05,-0.00112,-1200,-0.00624
-8.94E-05,-0.00128,-1000,-0.00624
-8.92E-05,-0.00128,-1400,-0.0064
-8.90E-05,-0.00112,-1200,-0.0064
-8.88E-05,-0.00128,-1600,-0.00608
-8.86E-05,-0.00112,-1200,-0.00608
-8.84E-05,-0.00128,-1400,-0.00624
-8.82E-05,-0.00112,-1600,-0.00624
-8.80E-05,-0.00112,-1600,-0.00624
-8.78E-05,-0.00128,-1600,-0.00624
-8.76E-05,-0.00128,-1800,-0.00624
-8.74E-05,-9.60E-04,-1800,-0.00608
-8.72E-05,-0.00112,-2000,-0.00624
-8.70E-05,-0.00112,-2000,-0.00624
-8.68E-05,-0.00112,-2000,-0.0064
-8.66E-05,-9.60E-04,-2000,-0.00624
-8.64E-05,-0.00128,-2000,-0.00608
-8.62E-05,-0.0016,-2200,-0.00624
-8.60E-05,-0.00128,-2000,-0.00624
-8.58E-05,-0.00128,-2200,-0.00624
-8.56E-05,-9.60E-04,-2000,-0.00624
-8.54E-05,-0.00112,-2200,-0.00624
-8.52E-05,-0.00112,-2400,-0.00608
-8.50E-05,-0.00128,-2400,-0.00624
-8.48E-05,-0.00128,-2200,-0.00608
-8.46E-05,-0.00144,-2600,-0.00624
-8.44E-05,-0.00128,-2600,-0.00608
-8.42E-05,-0.00144,-2600,-0.00608
-8.40E-05,-0.00112,-2800,-0.00592
-8.38E-05,-0.00112,-2800,-0.00608
-8.36E-05,-0.00112,-2600,-0.00608
-8.34E-05,-0.00112,-3000,-0.00608
-8.32E-05,-0.00128,-3000,-0.00608
-8.30E-05,-0.00112,-3000,-0.00624
-8.28E-05,-0.00112,-3000,-0.00608
-8.26E-05,-9.60E-04,-2800,-0.00592
-8.24E-05,-0.00112,-2800,-0.00608
-8.22E-05,-0.00128,-3400,-0.00592
-8.20E-05,-0.00112,-3000,-0.00608
-8.18E-05,-0.00128,-3000,-0.00608
-8.16E-05,-9.60E-04,-3400,-0.00592
-8.14E-05,-0.00128,-3400,-0.00592
-8.12E-05,-0.00112,-3400,-0.00592
-8.10E-05,-0.00128,-3400,-0.00592
-8.08E-05,-9.60E-04,-3600,-0.00592
-8.06E-05,-0.00112,-3600,-0.00592
-8.04E-05,-0.00112,-3600,-0.00592
-8.02E-05,-0.00112,-3800,-0.00576
-8.00E-05,-0.00112,-3400,-0.00592
-7.98E-05,-0.00128,-3600,-0.00576
-7.96E-05,-0.00128,-4000,-0.0056
-7.94E-05,-0.00112,-3800,-0.00592
-7.92E-05,-9.60E-04,-3600,-0.0056
-7.90E-05,-0.00112,-3800,-0.00576
-7.88E-05,-0.00112,-4000,-0.00576
-7.86E-05,-0.00112,-4000,-0.0064
-7.84E-05,-8.00E-04,-4000,-0.00576
-7.82E-05,-0.00128,-4400,-0.00576
-7.80E-05,-0.00128,-4200,-0.0056
-7.78E-05,-0.00128,-4200,-0.0056
-7.76E-05,-0.00112,-4200,-0.0056
-7.74E-05,-9.60E-04,-4000,-0.00544
-7.72E-05,-9.60E-04,-4400,-0.00544
-7.70E-05,-9.60E-04,-4400,-0.0056
-7.68E-05,-0.00112,-4600,-0.0056
-7.66E-05,-0.00128,-4600,-0.00528
-7.64E-05,-0.00112,-4400,-0.0056
-7.62E-05,-9.60E-04,-4600,-0.0056
-7.60E-05,-0.00112,-4400,-0.00544
-7.58E-05,-9.60E-04,-4400,-0.00528
-7.56E-05,-0.00128,-4600,-0.0056
-7.54E-05,-0.00112,-4800,-0.00528
-7.52E-05,-9.60E-04,-4800,-0.00544
-7.50E-05,-9.60E-04,-5000,-0.00528
-7.48E-05,-0.00112,-4800,-0.00528
-7.46E-05,-0.00112,-4800,-0.00528
-7.44E-05,-0.00144,-5000,-0.00528
-7.42E-05,-0.00112,-5000,-0.00592
-7.40E-05,-9.60E-04,-5000,-0.00544
-7.38E-05,-0.00112,-5000,-0.00544
-7.36E-05,-8.00E-04,-5000,-0.00496
-7.34E-05,-0.00112,-5200,-0.00528
-7.32E-05,-9.60E-04,-5200,-0.00528
-7.30E-05,-9.60E-04,-5400,-0.00528
-7.28E-05,-8.00E-04,-5400,-0.00512
-7.26E-05,-0.00112,-5200,-0.0048
-7.24E-05,-8.00E-04,-5200,-0.00512
-7.22E-05,-9.60E-04,-5400,-0.00496
-7.20E-05,-9.60E-04,-5400,-0.0048
-7.18E-05,-9.60E-04,-5800,-0.00496
-7.16E-05,-9.60E-04,-5400,-0.00496
-7.14E-05,-9.60E-04,-5600,-0.00496
-7.12E-05,-9.60E-04,-5600,-0.0048
-7.10E-05,-0.00112,-6000,-0.00512
-7.08E-05,-4.80E-04,-5400,-0.0048
-7.06E-05,-9.60E-04,-5800,-0.00464
-7.04E-05,-8.00E-04,-6000,-0.0048
-7.02E-05,-8.00E-04,-5800,-0.0048
-7.00E-05,-8.00E-04,-6000,-0.00464
-6.98E-05,-9.60E-04,-6000,-0.00464
-6.96E-05,-8.00E-04,-5600,-0.00496
-6.94E-05,-0.00112,-6000,-0.00464
-6.92E-05,-8.00E-04,-6000,-0.0048
-6.90E-05,-8.00E-04,-6000,-0.00448
-6.88E-05,-9.60E-04,-5800,-0.00448
-6.86E-05,-0.00112,-6200,-0.00448
-6.84E-05,-9.60E-04,-6200,-0.00432
-6.82E-05,-8.00E-04,-6000,-0.00432
-6.80E-05,-9.60E-04,-6000,-0.00448
-6.78E-05,-8.00E-04,-6400,-0.00432
-6.76E-05,-6.40E-04,-6400,-0.00416
-6.74E-05,-6.40E-04,-6400,-0.00432
-6.72E-05,-6.40E-04,-6200,-0.00432
-6.70E-05,-9.60E-04,-6400,-0.004
-6.68E-05,-8.00E-04,-6400,-0.004
-6.66E-05,-9.60E-04,-6400,-0.00416
-6.64E-05,-9.60E-04,-6600,-0.004
-6.62E-05,-9.60E-04,-6400,-0.00464
-6.60E-05,-8.00E-04,-6600,-0.00608
-6.58E-05,-1.60E-04,-6600,-0.00448
-6.56E-05,-6.40E-04,-6800,-0.004
-6.54E-05,-8.00E-04,-6600,-0.004
-6.52E-05,-9.60E-04,-6600,-0.004
-6.50E-05,-6.40E-04,-6600,-0.00384
-6.48E-05,-9.60E-04,-6600,-0.00384
-6.46E-05,-9.60E-04,-6800,-0.00368
-6.44E-05,-9.60E-04,-6600,-0.00368
-6.42E-05,-8.00E-04,-6800,-0.00368
-6.40E-05,-8.00E-04,-6800,-0.00384
-6.38E-05,-8.00E-04,-6800,-0.00352
-6.36E-05,-6.40E-04,-6800,-0.00352
-6.34E-05,-6.40E-04,-7000,-0.00352
-6.32E-05,-6.40E-04,-6800,-0.00352
-6.30E-05,-8.00E-04,-7200,-0.00352
-6.28E-05,-8.00E-04,-6800,-0.00336
-6.26E-05,-6.40E-04,-7000,-0.00352
-6.24E-05,-9.60E-04,-7000,-0.00432
-6.22E-05,-3.20E-04,-7000,-0.00368
-6.20E-05,-6.40E-04,-7000,-0.00368
-6.18E-05,-6.40E-04,-7200,-0.00352
-6.16E-05,-8.00E-04,-7200,-0.00336
-6.14E-05,-8.00E-04,-7000,-0.00304
-6.12E-05,-8.00E-04,-7200,-0.00336
-6.10E-05,-4.80E-04,-7200,-0.00336
-6.08E-05,-6.40E-04,-7000,-0.0032
-6.06E-05,-4.80E-04,-7400,-0.0032
-6.04E-05,-6.40E-04,-7200,-0.00272
-6.02E-05,-8.00E-04,-7200,-0.00288
-6.00E-05,-6.40E-04,-7400,-0.0032
-5.98E-05,-6.40E-04,-7400,-0.00288
-5.96E-05,-8.00E-04,-7400,-0.00304
-5.94E-05,-4.80E-04,-7400,-0.00304
-5.92E-05,-4.80E-04,-7400,-0.00288
-5.90E-05,-6.40E-04,-7400,-0.00272
-5.88E-05,-6.40E-04,-7400,-0.00272
-5.86E-05,-4.80E-04,-7400,-0.00256
-5.84E-05,-6.40E-04,-7400,-0.00256
-5.82E-05,-6.40E-04,-7400,-0.00256
-5.80E-05,-8.00E-04,-7400,-0.0024
-5.78E-05,-8.00E-04,-7600,-0.00256
-5.76E-05,-4.80E-04,-7600,-0.0024
-5.74E-05,-4.80E-04,-7600,-0.0024
-5.72E-05,-6.40E-04,-7800,-0.0024
-5.70E-05,-6.40E-04,-7600,-0.0024
-5.68E-05,-4.80E-04,-7600,-0.0024
-5.66E-05,-6.40E-04,-7600,-0.00208
-5.64E-05,-4.80E-04,-7600,-0.00208
-5.62E-05,-6.40E-04,-7800,-0.00208
-5.60E-05,-3.20E-04,-7600,-0.00192
-5.58E-05,-4.80E-04,-7600,-0.00208
-5.56E-05,-4.80E-04,-7600,-0.00176
-5.54E-05,-4.80E-04,-7600,-0.00192
-5.52E-05,-6.40E-04,-7600,-0.00208
-5.50E-05,-4.80E-04,-7600,-0.00192
-5.48E-05,-6.40E-04,-7800,-0.00192
-5.46E-05,-6.40E-04,-7800,-0.00176
-5.44E-05,-3.20E-04,-7800,-0.00176
-5.42E-05,-4.80E-04,-7800,-0.00176
-5.40E-05,-6.40E-04,-7600,-0.00176
-5.38E-05,-3.20E-04,-7600,-0.00176
-5.36E-05,-1.60E-04,-7600,-0.00192
-5.34E-05,-3.20E-04,-7800,-0.0016
-5.32E-05,-3.20E-04,-7600,-0.00128
-5.30E-05,-3.20E-04,-8000,-0.00128
-5.28E-05,-3.20E-04,-7600,-0.00144
-5.26E-05,-1.60E-04,-7800,-0.00144
-5.24E-05,-3.20E-04,-7800,-0.00128
-5.22E-05,-4.80E-04,-7800,-0.00112
-5.20E-05,-1.60E-04,-7800,-0.00128
-5.18E-05,-1.60E-04,-7800,-0.00112
-5.16E-05,-3.20E-04,-7800,-0.00112
-5.14E-05,-4.80E-04,-7800,-0.00112
-5.12E-05,-6.40E-04,-7800,-0.00112
-5.10E-05,0,-7800,-9.60E-04
-5.08E-05,-3.20E-04,-8000,-9.60E-04
-5.06E-05,0,-7800,-8.00E-04
-5.04E-05,0,-8000,-8.00E-04
-5.02E-05,0,-7800,-8.00E-04
-5.00E-05,-3.20E-04,-7600,-9.60E-04
-4.98E-05,-4.80E-04,-7400,-8.00E-04
-4.96E-05,-4.80E-04,-8000,-8.00E-04
-4.94E-05,-1.60E-04,-7600,-8.00E-04
-4.92E-05,-3.20E-04,-7800,-6.40E-04
-4.90E-05,-1.60E-04,-7800,-6.40E-04
-4.88E-05,-4.80E-04,-7800,-3.20E-04
-4.86E-05,-1.60E-04,-7600,-4.80E-04
-4.84E-05,-3.20E-04,-7800,-3.20E-04
-4.82E-05,-1.60E-04,-7800,-4.80E-04
-4.80E-05,-1.60E-04,-8000,-4.80E-04
-4.78E-05,0,-8000,-3.20E-04
-4.76E-05,-1.60E-04,-7800,-1.60E-04
-4.74E-05,0,-8200,-1.60E-04
-4.72E-05,-1.60E-04,-8000,-3.20E-04
-4.70E-05,0,-8000,0
-4.68E-05,-1.60E-04,-8000,0
-4.66E-05,-1.60E-04,-7800,-1.60E-04
-4.64E-05,-1.60E-04,-8000,1.60E-04
-4.62E-05,1.60E-04,-8000,1.60E-04
-4.60E-05,0,-7800,1.60E-04
-4.58E-05,0,-8000,0
-4.56E-05,0,-7600,0
-4.54E-05,-3.20E-04,-7600,1.60E-04
-4.52E-05,-1.60E-04,-7800,4.80E-04
-4.50E-05,-3.20E-04,-7800,4.80E-04
-4.48E-05,-3.20E-04,-7800,4.80E-04
-4.46E-05,-1.60E-04,-7800,3.20E-04
-4.44E-05,0,-7800,4.80E-04
-4.42E-05,0,-7800,6.40E-04
-4.40E-05,0,-7800,6.40E-04
-4.38E-05,1.60E-04,-7800,6.40E-04
-4.36E-05,1.60E-04,-7800,8.00E-04
-4.34E-05,-1.60E-04,-7800,8.00E-04
-4.32E-05,0,-7600,8.00E-04
-4.30E-05,0,-7600,8.00E-04
-4.28E-05,1.60E-04,-7600,8.00E-04
-4.26E-05,0,-7600,8.00E-04
-4.24E-05,1.60E-04,-7800,9.60E-04
-4.22E-05,-1.60E-04,-7600,9.60E-04
-4.20E-05,1.60E-04,-7800,8.00E-04
-4.18E-05,-1.60E-04,-7800,9.60E-04
-4.16E-05,-1.60E-04,-7600,0.00112
-4.14E-05,0,-7800,0.00112
-4.12E-05,3.20E-04,-7600,0.00128
-4.10E-05,1.60E-04,-7600,0.00128
-4.08E-05,1.60E-04,-7600,0.00112
-4.06E-05,0,-7600,0.0016
-4.04E-05,3.20E-04,-7200,0.00144
-4.02E-05,0,-7600,0.00144
-4.00E-05,1.60E-04,-7600,0.0016
-3.98E-05,0,-7400,0.0016
-3.96E-05,1.60E-04,-7400,0.0016
-3.94E-05,3.20E-04,-7400,0.0016
-3.92E-05,1.60E-04,-7600,0.0016
-3.90E-05,0,-7400,0.00176
-3.88E-05,1.60E-04,-7400,0.00192
-3.86E-05,0,-7200,0.00176
-3.84E-05,0,-7400,0.00176
-3.82E-05,3.20E-04,-7400,0.00192
-3.80E-05,1.60E-04,-7400,0.00208
-3.78E-05,1.60E-04,-7400,0.00192
-3.76E-05,3.20E-04,-7400,0.00208
-3.74E-05,1.60E-04,-7400,0.00208
-3.72E-05,3.20E-04,-7200,0.00224
-3.70E-05,1.60E-04,-7400,0.00208
-3.68E-05,1.60E-04,-7400,0.00208
-3.66E-05,3.20E-04,-7200,0.00224
-3.64E-05,1.60E-04,-7000,0.00224
-3.62E-05,3.20E-04,-6800,0.0024
-3.60E-05,3.20E-04,-7000,0.0024
-3.58E-05,1.60E-04,-7200,0.0024
-3.56E-05,1.60E-04,-7200,0.0024
-3.54E-05,1.60E-04,-7000,0.00224
-3.52E-05,1.60E-04,-7200,0.00256
-3.50E-05,3.20E-04,-7000,0.00272
-3.48E-05,1.60E-04,-7000,0.00256
-3.46E-05,4.80E-04,-7000,0.00256
-3.44E-05,3.20E-04,-7000,0.00256
-3.42E-05,1.60E-04,-6800,0.00256
-3.40E-05,3.20E-04,-6800,0.00256
-3.38E-05,4.80E-04,-7000,0.00288
-3.36E-05,1.60E-04,-6800,0.00288
-3.34E-05,3.20E-04,-6600,0.00304
-3.32E-05,4.80E-04,-6600,0.00288
-3.30E-05,6.40E-04,-6400,0.00304
-3.28E-05,4.80E-04,-6600,0.00288
-3.26E-05,4.80E-04,-6600,0.00304
-3.24E-05,3.20E-04,-6600,0.00304
-3.22E-05,4.80E-04,-6600,0.00304
-3.20E-05,3.20E-04,-6600,0.0032
-3.18E-05,4.80E-04,-6400,0.0032
-3.16E-05,3.20E-04,-6600,0.0032
-3.14E-05,1.60E-04,-6400,0.0032
-3.12E-05,6.40E-04,-6400,0.0032
-3.10E-05,4.80E-04,-6600,0.00336
-3.08E-05,4.80E-04,-6600,0.00336
-3.06E-05,6.40E-04,-6200,0.00352
-3.04E-05,6.40E-04,-6200,0.00352
-3.02E-05,4.80E-04,-6400,0.00352
-3.00E-05,4.80E-04,-6200,0.00352
-2.98E-05,3.20E-04,-6200,0.00368
-2.96E-05,4.80E-04,-6000,0.00352
-2.94E-05,4.80E-04,-6200,0.00368
-2.92E-05,6.40E-04,-6000,0.00368
-2.90E-05,3.20E-04,-6000,0.00384
-2.88E-05,6.40E-04,-6200,0.00384
-2.86E-05,4.80E-04,-6000,0.00384
-2.84E-05,4.80E-04,-5800,0.00384
-2.82E-05,6.40E-04,-6000,0.00384
-2.80E-05,4.80E-04,-5800,0.004
-2.78E-05,4.80E-04,-6000,0.004
-2.76E-05,6.40E-04,-6000,0.00416
-2.74E-05,9.60E-04,-5800,0.004
-2.72E-05,8.00E-04,-5800,0.004
-2.70E-05,4.80E-04,-5600,0.00432
-2.68E-05,6.40E-04,-5600,0.004
-2.66E-05,6.40E-04,-5600,0.00416
-2.64E-05,8.00E-04,-5600,0.00432
-2.62E-05,8.00E-04,-5400,0.00432
-2.60E-05,6.40E-04,-5600,0.00416
-2.58E-05,6.40E-04,-5400,0.00432
-2.56E-05,4.80E-04,-5400,0.00432
-2.54E-05,4.80E-04,-5000,0.00432
-2.52E-05,3.20E-04,-5400,0.00432
-2.50E-05,3.20E-04,-5200,0.00448
-2.48E-05,6.40E-04,-5200,0.00448
-2.46E-05,8.00E-04,-5000,0.00448
-2.44E-05,9.60E-04,-5000,0.00464
-2.42E-05,6.40E-04,-5000,0.00448
-2.40E-05,8.00E-04,-5200,0.00464
-2.38E-05,8.00E-04,-5000,0.00464
-2.36E-05,8.00E-04,-4800,0.00464
-2.34E-05,6.40E-04,-5000,0.00464
-2.32E-05,6.40E-04,-5000,0.00464
-2.30E-05,8.00E-04,-4800,0.0048
-2.28E-05,6.40E-04,-5000,0.0048
-2.26E-05,9.60E-04,-4800,0.0048
-2.24E-05,6.40E-04,-4800,0.00496
-2.22E-05,6.40E-04,-4600,0.00496
-2.20E-05,6.40E-04,-4400,0.00496
-2.18E-05,4.80E-04,-4600,0.00496
-2.16E-05,8.00E-04,-4600,0.00496
-2.14E-05,6.40E-04,-4600,0.00496
-2.12E-05,8.00E-04,-4400,0.00528
-2.10E-05,6.40E-04,-4400,0.00496
-2.08E-05,8.00E-04,-4400,0.00528
-2.06E-05,8.00E-04,-4000,0.00512
-2.04E-05,8.00E-04,-4400,0.00512
-2.02E-05,6.40E-04,-4200,0.00512
-2.00E-05,8.00E-04,-4200,0.00512
-1.98E-05,9.60E-04,-4000,0.00512
-1.96E-05,8.00E-04,-3800,0.00528
-1.94E-05,6.40E-04,-4000,0.00528
-1.92E-05,8.00E-04,-4000,0.00528
-1.90E-05,0.00112,-3800,0.00528
-1.88E-05,9.60E-04,-4000,0.00544
-1.86E-05,6.40E-04,-3800,0.00528
-1.84E-05,6.40E-04,-3800,0.00544
-1.82E-05,8.00E-04,-3400,0.0056
-1.80E-05,9.60E-04,-3800,0.00544
-1.78E-05,8.00E-04,-3800,0.0056
-1.76E-05,9.60E-04,-3600,0.00544
-1.74E-05,8.00E-04,-3400,0.0056
-1.72E-05,8.00E-04,-3400,0.0056
-1.70E-05,8.00E-04,-3400,0.0056
-1.68E-05,9.60E-04,-3400,0.0056
-1.66E-05,9.60E-04,-3200,0.0056
-1.64E-05,9.60E-04,-3000,0.00576
-1.62E-05,9.60E-04,-3200,0.00576
-1.60E-05,8.00E-04,-3200,0.00576
-1.58E-05,8.00E-04,-3200,0.00576
-1.56E-05,8.00E-04,-3000,0.00576
-1.54E-05,9.60E-04,-3000,0.00576
-1.52E-05,8.00E-04,-3000,0.0056
-1.50E-05,6.40E-04,-3000,0.00592
-1.48E-05,9.60E-04,-2800,0.00592
-1.46E-05,9.60E-04,-2800,0.00576
-1.44E-05,8.00E-04,-2800,0.00592
-1.42E-05,9.60E-04,-2800,0.00576
-1.40E-05,9.60E-04,-2800,0.00592
-1.38E-05,6.40E-04,-2600,0.00576
-1.36E-05,9.60E-04,-2400,0.00592
-1.34E-05,9.60E-04,-2200,0.00608
-1.32E-05,8.00E-04,-2200,0.00608
-1.30E-05,8.00E-04,-2200,0.00608
-1.28E-05,9.60E-04,-2400,0.00608
-1.26E-05,9.60E-04,-2200,0.00608
-1.24E-05,9.60E-04,-2400,0.00608
-1.22E-05,6.40E-04,-1800,0.00608
-1.20E-05,0.00112,-2200,0.00608
-1.18E-05,9.60E-04,-2200,0.00624
-1.16E-05,8.00E-04,-2000,0.00608
-1.14E-05,0.00128,-1800,0.00608
-1.12E-05,9.60E-04,-2000,0.00608
-1.10E-05,9.60E-04,-1800,0.00624
-1.08E-05,9.60E-04,-1600,0.00624
-1.06E-05,0.00112,-1800,0.00624
-1.04E-05,0.00112,-1600,0.00608
-1.02E-05,9.60E-04,-1200,0.0064
-1.00E-05,8.00E-04,-1600,0.00624
-9.80E-06,0.00112,-1200,0.00624
-9.60E-06,0.00112,-1600,0.0064
-9.40E-06,8.00E-04,-1200,0.0064
-9.20E-06,9.60E-04,-1400,0.00624
-9.00E-06,0.00112,-1200,0.0064
-8.80E-06,9.60E-04,-1200,0.00624
-8.60E-06,9.60E-04,-1200,0.00624
-8.40E-06,9.60E-04,-1000,0.0064
-8.20E-06,0.00144,-1000,0.00624
-8.00E-06,0.00112,-1000,0.0064
-7.80E-06,0.00112,-1000,0.00624
-7.60E-06,0.00112,-1000,0.0064
-7.40E-06,0.00128,-1000,0.0064
-7.20E-06,9.60E-04,-800,0.00624
-7.00E-06,8.00E-04,-600,0.0064
-6.80E-06,9.60E-04,-600,0.0064
-6.60E-06,9.60E-04,-600,0.00656
-6.40E-06,0.00128,-400,0.0064
-6.20E-06,9.60E-04,-400,0.0064
-6.00E-06,0.00128,-400,0.0064
-5.80E-06,9.60E-04,-200,0.0064
-5.60E-06,9.60E-04,-200,0.00656
-5.40E-06,6.40E-04,-200,0.0064
-5.20E-06,9.60E-04,-200,0.0064
-5.00E-06,0.00112,0,0.00656
-4.80E-06,0.00112,0,0.00656
-4.60E-06,0.00128,0,0.00656
-4.40E-06,9.60E-04,200,0.00624
-4.20E-06,9.60E-04,0,0.0064
-4.00E-06,9.60E-04,200,0.0064
-3.80E-06,0.00112,200,0.00656
-3.60E-06,0.00112,200,0.00656
-3.40E-06,9.60E-04,400,0.0064
-3.20E-06,0.00112,400,0.00656
-3.00E-06,9.60E-04,400,0.00624
-2.80E-06,0.00112,600,0.0064
-2.60E-06,0.00112,800,0.0064
-2.40E-06,0.00112,800,0.00624
-2.20E-06,0.00112,800,0.00624
-2.00E-06,9.60E-04,1000,0.00656
-1.80E-06,9.60E-04,800,0.00672
-1.60E-06,0.00112,1000,0.00656
-1.40E-06,0.00112,1000,0.0064
-1.20E-06,0.00112,800,0.00624
-1.00E-06,9.60E-04,1000,0.00656
-8.00E-07,0.00112,1400,0.0064
-6.00E-07,9.60E-04,1200,0.0064
-4.00E-07,0.00112,1200,0.0064
-2.00E-07,0.00112,1400,0.00656
0,0.00112,1400,0.0064
2.00E-07,9.60E-04,1400,0.00656
4.00E-07,9.60E-04,1400,0.0064
6.00E-07,9.60E-04,1600,0.0064
8.00E-07,0.00128,1600,0.0064
1.00E-06,0.00112,1800,0.0064
1.20E-06,8.00E-04,1800,0.0064
1.40E-06,8.00E-04,1800,0.0064
1.60E-06,9.60E-04,2000,0.0064
1.80E-06,0.00112,1800,0.0064
2.00E-06,0.00128,1800,0.0064
2.20E-06,9.60E-04,2200,0.0064
2.40E-06,0.00112,2000,0.0064
2.60E-06,0.00112,2000,0.0064
2.80E-06,8.00E-04,2200,0.0064
3.00E-06,9.60E-04,2000,0.00624
3.20E-06,0.00112,2400,0.00736
3.40E-06,0.00176,2600,0.00864
3.60E-06,0.00352,2200,0.0064
3.80E-06,0.00288,2400,0.00576
4.00E-06,0.00208,2400,0.0064
4.20E-06,0.00176,2600,0.00592
4.40E-06,0.0016,2800,0.00624
4.60E-06,0.0024,2600,0.00848
4.80E-06,0.00432,2800,0.00528
5.00E-06,0.00384,2400,0.00592
5.20E-06,0.00368,2600,0.00576
5.40E-06,0.00256,2600,0.00608
5.60E-06,0.00208,2800,0.00608
5.80E-06,0.00176,2800,0.0064
6.00E-06,0.00128,2800,0.00656
6.20E-06,0.00128,3000,0.0064
6.40E-06,0.00176,3000,0.00656
6.60E-06,0.0016,3200,0.00656
6.80E-06,0.00192,3000,0.00608
7.00E-06,0.00128,3200,0.00624
7.20E-06,0.00176,3000,0.00624
7.40E-06,0.00192,3000,0.00608
7.60E-06,0.0016,3400,0.00624
7.80E-06,0.0016,3200,0.00608
8.00E-06,0.00128,3400,0.00624
8.20E-06,0.00208,3400,0.00608
8.40E-06,0.00272,3600,0.00592
8.60E-06,0.00256,3200,0.00592
8.80E-06,0.00208,3800,0.00608
9.00E-06,0.00192,3600,0.00624
9.20E-06,0.0016,3600,0.00624
9.40E-06,0.00128,3600,0.00624
9.60E-06,0.00112,3800,0.00624
9.80E-06,0.00112,3800,0.00672
1.00E-05,0.00176,4000,0.00608
1.02E-05,0.00176,3600,0.0072
1.04E-05,0.00176,4000,0.0064
1.06E-05,0.00256,4000,0.00576
1.08E-05,0.00224,4200,0.0056
1.10E-05,0.00192,4000,0.00608
1.12E-05,0.00176,4200,0.00592
1.14E-05,0.00144,4000,0.0064
1.16E-05,0.0016,4000,0.0056
1.18E-05,0.00192,4200,0.00544
1.20E-05,0.00224,4200,0.0056
1.22E-05,0.00208,4200,0.00576
1.24E-05,0.00192,4200,0.0056
1.26E-05,0.00176,4400,0.0064
1.28E-05,0.00192,4400,0.00672
1.30E-05,0.00384,4400,0.00576
1.32E-05,0.00432,4600,0.00448
1.34E-05,0.00368,4600,0.0048
1.36E-05,0.00288,4400,0.00512
1.38E-05,0.0024,4800,0.00512
1.40E-05,0.00208,4800,0.00528
1.42E-05,0.00176,5000,0.0064
1.44E-05,0.00512,5000,0.004
1.46E-05,0.00496,4600,0.00464
1.48E-05,0.004,4800,0.00496
1.50E-05,0.00352,4800,0.00528
1.52E-05,0.00256,4800,0.00544
1.54E-05,0.00176,5000,0.00544
1.56E-05,0.00176,4800,0.00544
1.58E-05,0.0016,5000,0.00544
1.60E-05,0.00176,5200,0.00528
1.62E-05,0.0016,5000,0.00512
1.64E-05,0.00224,5200,0.00544
1.66E-05,0.00368,5200,0.00704
1.68E-05,0.0048,5400,0.00416
1.70E-05,0.00432,5200,0.00384
1.72E-05,0.00336,5400,0.00416
1.74E-05,0.00288,5400,0.0056
1.76E-05,0.00288,5400,0.00336
1.78E-05,0.0032,5200,0.00512
1.80E-05,0.00416,5400,0.00416
1.82E-05,0.00352,5200,0.00464
1.84E-05,0.00272,5400,0.0048
1.86E-05,0.00208,5400,0.0048
1.88E-05,0.00176,5400,0.00528
1.90E-05,0.00144,5600,0.00528
1.92E-05,0.00144,5600,0.00496
1.94E-05,0.00128,5600,0.0048
1.96E-05,0.00144,5800,0.00496
1.98E-05,0.0016,6200,0.0048
2.00E-05,0.00352,5800,0.0032
2.02E-05,0.00864,5600,0.00176
2.04E-05,0.00688,5600,0.00288
2.06E-05,0.00544,5800,0.00272
2.08E-05,0.00432,6000,0.00384
2.10E-05,0.00304,5800,0.00432
2.12E-05,0.00192,6200,0.00448
2.14E-05,0.00176,6200,0.00464
2.16E-05,0.00144,6000,0.00464
2.18E-05,0.0024,5800,0.00144
2.20E-05,0.00736,5800,0.00336
2.22E-05,0.012,6000,-0.0024
2.24E-05,0.01184,6000,8.00E-04
2.26E-05,0.00768,6000,0.00288
2.28E-05,0.00512,6200,0.00352
2.30E-05,0.00304,6000,0.00448
2.32E-05,0.00288,6200,0.00464
2.34E-05,0.00208,6000,0.00432
2.36E-05,0.00176,6000,0.00432
2.38E-05,0.0016,6200,0.00432
2.40E-05,0.00128,6400,0.00448
2.42E-05,9.60E-04,6200,0.00448
2.44E-05,0.00128,6200,0.00448
2.46E-05,0.00112,6600,0.00416
2.48E-05,0.0016,6400,0.00432
2.50E-05,0.00544,6200,-9.60E-04
2.52E-05,0.00912,6400,0.00112
2.54E-05,0.01152,6200,4.80E-04
2.56E-05,0.00784,6400,0.00176
2.58E-05,0.00544,6400,0.00288
2.60E-05,0.00368,6400,0.00352
2.62E-05,0.00256,6600,0.00368
2.64E-05,0.00192,6600,0.00384
2.66E-05,0.00144,6400,0.004
2.68E-05,0.00144,6400,0.00432
2.70E-05,0.0016,6400,0.00384
2.72E-05,0.0016,6600,0.00352
2.74E-05,0.00144,6600,0.00368
2.76E-05,0.0016,6800,0.00352
2.78E-05,0.00144,6600,0.00368
2.80E-05,0.00144,6800,0.00384
2.82E-05,0.00192,6800,0.00368
2.84E-05,0.00192,6600,0.0032
2.86E-05,0.00192,6600,0.0032
2.88E-05,0.00208,6800,0.00384
2.90E-05,0.00192,7000,0.00448
2.92E-05,0.00208,6800,0.00304
2.94E-05,0.0024,7000,0.0024
2.96E-05,0.00224,7000,0.0024
2.98E-05,0.00208,7400,0.00288
3.00E-05,0.00144,7000,0.0032
3.02E-05,0.00128,7200,0.0032
3.04E-05,9.60E-04,7000,0.0032
3.06E-05,8.00E-04,7000,0.0032
3.08E-05,0.00304,7000,0.00256
3.10E-05,0.0024,7200,0.00304
3.12E-05,0.00192,7200,0.00304
3.14E-05,0.0016,7000,0.00368
3.16E-05,0.00624,7200,0.00336
3.18E-05,0.00704,6800,0.0016
3.20E-05,0.0064,7000,0.00144
3.22E-05,0.00608,7400,9.60E-04
3.24E-05,0.00432,7200,0.00192
3.26E-05,0.0024,7200,0.00224
3.28E-05,0.00224,7200,0.00256
3.30E-05,0.00192,7400,0.00368
3.32E-05,0.00688,7200,-9.60E-04
3.34E-05,0.00848,7000,-0.00176
3.36E-05,0.00864,7000,6.40E-04
3.38E-05,0.00528,7200,0.00176
3.40E-05,0.00336,7200,0.00208
3.42E-05,0.00208,7200,0.00224
3.44E-05,0.0016,7200,0.00256
3.46E-05,0.00144,7200,0.00256
3.48E-05,0.00544,7200,-0.00272
3.50E-05,0.00864,7200,4.80E-04
3.52E-05,0.00544,7200,0.0016
3.54E-05,0.00368,7200,0.00208
3.56E-05,0.00208,7400,0.00224
3.58E-05,0.00176,7400,0.00304
3.60E-05,0.0016,7400,0.00224
3.62E-05,0.00192,7600,0.00192
3.64E-05,0.00176,7400,0.00192
3.66E-05,0.0016,7200,0.00208
3.68E-05,0.00144,7400,0.00208
3.70E-05,0.00128,7400,0.00192
3.72E-05,0.00128,7600,0.00208
3.74E-05,0.00128,7400,0.00256
3.76E-05,0.00208,7400,0.00112
3.78E-05,0.00208,7800,0.00176
3.80E-05,0.0016,7600,0.00176
3.82E-05,0.00128,7600,0.00192
3.84E-05,0.00128,7400,0.00192
3.86E-05,6.40E-04,7400,0.00192
3.88E-05,9.60E-04,7400,0.00176
3.90E-05,8.00E-04,7600,0.00176
3.92E-05,4.80E-04,7400,0.00176
3.94E-05,6.40E-04,7800,0.00272
3.96E-05,0.00176,7800,3.20E-04
3.98E-05,0.00336,7600,3.20E-04
4.00E-05,0.00288,7400,0.00128
4.02E-05,0.0016,7400,0.0016
4.04E-05,0.0016,7400,0.0016
4.06E-05,0.00128,7600,0.0016
4.08E-05,8.00E-04,7800,0.0016
4.10E-05,6.40E-04,7600,0.0016
4.12E-05,0.00448,7400,-0.00416
4.14E-05,0.00976,7600,-0.00256
4.16E-05,0.00752,7200,-0.00112
4.18E-05,0.00768,7000,-0.0016
4.20E-05,0.00544,7600,1.60E-04
4.22E-05,0.00336,7600,9.60E-04
4.24E-05,0.00224,7600,9.60E-04
4.26E-05,0.0016,7600,0.00112
4.28E-05,0.00112,7400,9.60E-04
4.30E-05,0.00112,7800,0.00112
4.32E-05,8.00E-04,7600,0.00112
4.34E-05,8.00E-04,7800,0.00128
4.36E-05,6.40E-04,7600,9.60E-04
4.38E-05,6.40E-04,7600,0.00112
4.40E-05,6.40E-04,7800,9.60E-04
4.42E-05,6.40E-04,7800,9.60E-04
4.44E-05,3.20E-04,7800,8.00E-04
4.46E-05,6.40E-04,7600,6.40E-04
4.48E-05,6.40E-04,7600,6.40E-04
4.50E-05,4.80E-04,7600,6.40E-04
4.52E-05,4.80E-04,7600,8.00E-04
4.54E-05,6.40E-04,7400,6.40E-04
4.56E-05,3.20E-04,7600,6.40E-04
4.58E-05,4.80E-04,7800,8.00E-04
4.60E-05,4.80E-04,7800,6.40E-04
4.62E-05,6.40E-04,7800,4.80E-04
4.64E-05,6.40E-04,7600,6.40E-04
4.66E-05,6.40E-04,7600,3.20E-04
4.68E-05,6.40E-04,7800,4.80E-04
4.70E-05,6.40E-04,7600,4.80E-04
4.72E-05,3.20E-04,8000,4.80E-04
4.74E-05,0.00112,7800,-6.40E-04
4.76E-05,0.0016,7800,0
4.78E-05,9.60E-04,7600,1.60E-04
4.80E-05,0.00112,7600,3.20E-04
4.82E-05,4.80E-04,7600,0
4.84E-05,4.80E-04,7600,1.60E-04
4.86E-05,6.40E-04,7600,0
4.88E-05,6.40E-04,7600,1.60E-04
4.90E-05,3.20E-04,7600,0
4.92E-05,1.60E-04,7800,-1.60E-04
4.94E-05,3.20E-04,7800,-1.60E-04
4.96E-05,3.20E-04,8000,-1.60E-04
4.98E-05,3.20E-04,7400,-3.20E-04
5.00E-05,3.20E-04,7800,-1.60E-04
5.02E-05,1.60E-04,7800,-3.20E-04
5.04E-05,3.20E-04,7800,-1.60E-04
5.06E-05,3.20E-04,7600,1.60E-04
5.08E-05,1.60E-04,7600,-1.60E-04
5.10E-05,4.80E-04,7600,-3.20E-04
5.12E-05,4.80E-04,7400,-3.20E-04
5.14E-05,3.20E-04,7600,-4.80E-04
5.16E-05,6.40E-04,7600,-4.80E-04
5.18E-05,4.80E-04,7600,-3.20E-04
5.20E-05,4.80E-04,7600,-4.80E-04
5.22E-05,1.60E-04,7600,-6.40E-04
5.24E-05,0,7400,-6.40E-04
5.26E-05,1.60E-04,7600,-6.40E-04
5.28E-05,3.20E-04,7800,-8.00E-04
5.30E-05,1.60E-04,7600,-8.00E-04
5.32E-05,0,7600,-9.60E-04
5.34E-05,1.60E-04,7600,-9.60E-04
5.36E-05,0,7800,-9.60E-04
5.38E-05,0,7600,-9.60E-04
5.40E-05,0,7800,-0.00112
5.42E-05,0,7600,-0.00112
5.44E-05,1.60E-04,7600,-0.00112
5.46E-05,0,7800,-0.00112
5.48E-05,0,7400,-0.00128
5.50E-05,0,7600,-0.00128
5.52E-05,1.60E-04,7400,-0.00112
5.54E-05,1.60E-04,7400,-0.00128
5.56E-05,0,7400,-0.00128
5.58E-05,1.60E-04,7400,-0.00128
5.60E-05,0,7400,-0.00128
5.62E-05,1.60E-04,7600,-0.00144
5.64E-05,0,7400,-0.0016
5.66E-05,1.60E-04,7400,-0.0016
5.68E-05,-1.60E-04,7400,-0.0016
5.70E-05,0,7600,-0.0016
5.72E-05,-1.60E-04,7400,-0.00176
5.74E-05,-3.20E-04,7200,-0.00176
5.76E-05,-3.20E-04,7400,-0.00176
5.78E-05,0,7400,-0.00176
5.80E-05,0,7200,-0.00176
5.82E-05,0,7000,-0.00176
5.84E-05,0,7200,-0.00176
5.86E-05,-1.60E-04,7200,-0.00176
5.88E-05,-3.20E-04,7000,-0.00192
5.90E-05,-1.60E-04,7200,-0.00192
5.92E-05,-1.60E-04,7400,-0.00208
5.94E-05,0,7400,-0.00208
5.96E-05,-1.60E-04,7200,-0.00208
5.98E-05,-1.60E-04,7000,-0.00208
6.00E-05,-3.20E-04,7000,-0.00208
6.02E-05,0,7000,-0.00208
6.04E-05,-3.20E-04,7200,-0.00224
6.06E-05,-3.20E-04,7000,-0.00224
6.08E-05,-3.20E-04,7000,-0.00224
6.10E-05,-3.20E-04,7200,-0.0024
6.12E-05,-1.60E-04,7000,-0.00224
6.14E-05,-1.60E-04,6800,-0.00224
6.16E-05,-1.60E-04,7000,-0.0024
6.18E-05,-1.60E-04,7000,-0.00256
6.20E-05,-3.20E-04,6800,-0.00256
6.22E-05,-1.60E-04,6800,-0.0024
6.24E-05,-1.60E-04,7000,-0.00272
6.26E-05,-3.20E-04,6800,-0.00256
6.28E-05,-1.60E-04,7000,-0.00256
6.30E-05,-3.20E-04,6800,-0.00288
6.32E-05,-3.20E-04,6600,-0.00288
6.34E-05,-3.20E-04,6600,-0.00304
6.36E-05,-3.20E-04,6800,-0.00304
6.38E-05,-3.20E-04,6600,-0.00288
6.40E-05,-4.80E-04,6600,-0.00288
6.42E-05,-4.80E-04,6600,-0.00288
6.44E-05,-1.60E-04,6600,-0.00304
6.46E-05,-4.80E-04,6400,-0.00304
6.48E-05,-4.80E-04,6600,-0.00288
6.50E-05,-3.20E-04,6400,-0.0032
6.52E-05,-1.60E-04,6400,-0.00304
6.54E-05,-4.80E-04,6400,-0.00304
6.56E-05,-4.80E-04,6600,-0.0032
6.58E-05,-3.20E-04,6600,-0.0032
6.60E-05,-3.20E-04,6600,-0.00336
6.62E-05,-4.80E-04,6400,-0.0032
6.64E-05,-4.80E-04,6200,-0.00336
6.66E-05,-4.80E-04,6200,-0.0032
6.68E-05,-4.80E-04,6400,-0.00336
6.70E-05,-4.80E-04,6400,-0.00352
6.72E-05,-6.40E-04,6200,-0.00352
6.74E-05,-4.80E-04,6000,-0.00352
6.76E-05,-8.00E-04,6000,-0.00352
6.78E-05,0,6400,-0.00368
6.80E-05,-4.80E-04,5800,-0.00368
6.82E-05,-6.40E-04,5800,-0.00352
6.84E-05,-4.80E-04,6200,-0.00352
6.86E-05,-3.20E-04,5800,-0.00352
6.88E-05,-4.80E-04,6000,-0.00352
6.90E-05,-4.80E-04,5800,-0.00352
6.92E-05,-4.80E-04,5800,-0.00384
6.94E-05,-4.80E-04,6400,-0.00384
6.96E-05,-6.40E-04,5400,-0.00384
6.98E-05,-4.80E-04,6000,-0.00368
7.00E-05,-6.40E-04,5800,-0.00368
7.02E-05,-4.80E-04,5600,-0.00384
7.04E-05,-6.40E-04,5600,-0.00384
7.06E-05,-6.40E-04,5800,-0.004
7.08E-05,-4.80E-04,5600,-0.00384
7.10E-05,-3.20E-04,5600,-0.004
7.12E-05,-6.40E-04,5600,-0.00416
7.14E-05,-6.40E-04,5400,-0.00448
7.16E-05,-6.40E-04,5400,-0.00416
7.18E-05,-6.40E-04,5200,-0.00416
7.20E-05,-6.40E-04,5200,-0.00432
7.22E-05,-8.00E-04,5200,-0.00432
7.24E-05,-6.40E-04,5400,-0.00416
7.26E-05,-6.40E-04,5200,-0.00448
7.28E-05,-4.80E-04,5000,-0.00448
7.30E-05,-8.00E-04,5000,-0.00448
7.32E-05,-8.00E-04,5200,-0.00464
7.34E-05,-8.00E-04,4800,-0.00448
7.36E-05,-8.00E-04,5000,-0.00464
7.38E-05,-8.00E-04,4800,-0.00464
7.40E-05,-9.60E-04,5000,-0.00464
7.42E-05,-6.40E-04,4800,-0.00448
7.44E-05,-6.40E-04,4800,-0.00464
7.46E-05,-6.40E-04,4600,-0.00464
7.48E-05,-4.80E-04,5000,-0.00464
7.50E-05,-8.00E-04,4600,-0.00464
7.52E-05,-8.00E-04,4600,-0.00464
7.54E-05,-4.80E-04,4400,-0.0048
7.56E-05,-6.40E-04,4600,-0.0048
7.58E-05,-8.00E-04,4600,-0.0048
7.60E-05,-8.00E-04,4600,-0.0048
7.62E-05,-9.60E-04,4400,-0.00512
7.64E-05,-6.40E-04,4200,-0.00496
7.66E-05,-8.00E-04,4400,-0.00496
7.68E-05,-8.00E-04,4600,-0.00496
7.70E-05,-9.60E-04,4200,-0.00496
7.72E-05,-9.60E-04,4000,-0.00496
7.74E-05,-9.60E-04,4000,-0.00496
7.76E-05,-6.40E-04,4000,-0.00512
7.78E-05,-8.00E-04,4000,-0.00496
7.80E-05,-8.00E-04,4000,-0.00528
7.82E-05,-8.00E-04,3800,-0.00512
7.84E-05,-9.60E-04,4000,-0.00528
7.86E-05,-9.60E-04,3800,-0.00512
7.88E-05,-9.60E-04,3800,-0.00512
7.90E-05,-9.60E-04,3800,-0.00528
7.92E-05,-8.00E-04,4000,-0.00528
7.94E-05,-8.00E-04,3800,-0.00544
7.96E-05,-9.60E-04,3600,-0.00544
7.98E-05,-9.60E-04,3200,-0.00528
8.00E-05,-8.00E-04,3400,-0.00512
8.02E-05,-0.00112,3800,-0.00512
8.04E-05,-0.00112,3600,-0.0056
8.06E-05,-9.60E-04,3600,-0.0056
8.08E-05,-9.60E-04,3600,-0.00544
8.10E-05,-0.00112,3600,-0.00544
8.12E-05,-8.00E-04,3200,-0.0056
8.14E-05,-8.00E-04,3400,-0.0056
8.16E-05,-9.60E-04,3600,-0.0056
8.18E-05,-0.00112,3200,-0.0056
8.20E-05,-9.60E-04,3200,-0.0056
8.22E-05,-9.60E-04,3000,-0.0056
8.24E-05,-9.60E-04,3200,-0.0056
8.26E-05,-6.40E-04,3200,-0.0056
8.28E-05,-0.00112,2800,-0.00576
8.30E-05,-9.60E-04,2800,-0.00576
8.32E-05,-9.60E-04,2800,-0.0056
8.34E-05,-0.00112,2600,-0.0056
8.36E-05,-9.60E-04,2600,-0.00576
8.38E-05,-0.00112,2600,-0.0056
8.40E-05,-0.00112,2600,-0.00576
8.42E-05,-8.00E-04,2600,-0.00576
8.44E-05,-9.60E-04,2400,-0.00592
8.46E-05,-9.60E-04,2600,-0.00592
8.48E-05,-8.00E-04,2400,-0.00576
8.50E-05,-6.40E-04,2200,-0.00576
8.52E-05,-0.00128,2400,-0.00592
8.54E-05,-9.60E-04,2400,-0.00576
8.56E-05,-9.60E-04,2600,-0.00592
8.58E-05,-0.00112,2400,-0.00608
8.60E-05,-8.00E-04,2200,-0.00592
8.62E-05,-0.00112,2000,-0.00592
8.64E-05,-0.00112,2000,-0.00592
8.66E-05,-9.60E-04,1800,-0.00608
8.68E-05,-9.60E-04,2000,-0.00608
8.70E-05,-9.60E-04,1600,-0.00592
8.72E-05,-8.00E-04,1800,-0.00576
8.74E-05,-0.00128,1800,-0.00624
8.76E-05,-8.00E-04,1800,-0.00608
8.78E-05,-8.00E-04,1600,-0.00608
8.80E-05,-8.00E-04,1400,-0.00608
8.82E-05,-8.00E-04,1600,-0.00608
8.84E-05,-8.00E-04,1400,-0.00608
8.86E-05,-9.60E-04,1400,-0.00608
8.88E-05,-0.00112,1600,-0.00592
8.90E-05,-0.00128,1400,-0.00608
8.92E-05,-9.60E-04,1400,-0.00624
8.94E-05,-0.00112,1200,-0.00624
8.96E-05,-0.00112,1200,-0.00624
8.98E-05,-0.00112,1000,-0.00624
9.00E-05,-0.00112,1200,-0.00592
9.02E-05,-0.00128,1000,-0.00624
9.04E-05,-0.00128,1000,-0.00624
9.06E-05,-0.00112,800,-0.00608
9.08E-05,-9.60E-04,1000,-0.00624
9.10E-05,-0.00128,800,-0.00624
9.12E-05,-9.60E-04,600,-0.0064
9.14E-05,-9.60E-04,600,-0.00624
9.16E-05,-0.00112,600,-0.00624
9.18E-05,-0.00112,400,-0.00624
9.20E-05,-0.00112,400,-0.00624
9.22E-05,-0.00112,600,-0.00656
9.24E-05,-0.00128,400,-0.00624
9.26E-05,-9.60E-04,600,-0.0064
9.28E-05,-0.00128,200,-0.0064
9.30E-05,-0.00144,200,-0.00624
9.32E-05,-9.60E-04,200,-0.00624
9.34E-05,-0.00128,0,-0.00624
9.36E-05,-0.00128,0,-0.00624
9.38E-05,-0.00112,0,-0.0064
9.40E-05,-0.00112,200,-0.0064
9.42E-05,-0.00112,-200,-0.00624
9.44E-05,-0.00112,-200,-0.00624
9.46E-05,-0.00112,-200,-0.0064
9.48E-05,-9.60E-04,-200,-0.00624
9.50E-05,-0.00112,-400,-0.00624
9.52E-05,-8.00E-04,-400,-0.0064
9.54E-05,-9.60E-04,-400,-0.00624
9.56E-05,-0.00112,-400,-0.00624
9.58E-05,-0.00112,-400,-0.00624
9.60E-05,-0.00128,-600,-0.0064
9.62E-05,-0.00128,-600,-0.00624
9.64E-05,-0.00128,-600,-0.0064
9.66E-05,-0.00112,-800,-0.00624
9.68E-05,-0.00128,-800,-0.0064
9.70E-05,-0.00144,-1000,-0.00624
9.72E-05,-0.00128,-1000,-0.00624
9.74E-05,-9.60E-04,-1000,-0.00624
9.76E-05,-9.60E-04,-1000,-0.0064
9.78E-05,-0.00112,-1200,-0.0064
9.80E-05,-0.00112,-1000,-0.00624
9.82E-05,-0.00144,-1000,-0.00624
9.84E-05,-0.00128,-1000,-0.00608
9.86E-05,-0.00128,-1200,-0.00624
9.88E-05,-0.00112,-1200,-0.0064
9.90E-05,-9.60E-04,-1200,-0.0064
9.92E-05,-0.00112,-1400,-0.0064
9.94E-05,-0.00128,-1600,-0.0064
9.96E-05,-0.00128,-1600,-0.0064
9.98E-05,-0.00128,-1800,-0.00608
1.00E-04,-0.00128,-1600,-0.0064
1.00E-04,-0.00144,-1800,-0.00624
1.00E-04,-0.00144,-1600,-0.00624
1.01E-04,-0.00112,-1800,-0.00624
1.01E-04,-0.00112,-1800,-0.00608
1.01E-04,-0.00128,-2000,-0.00624
1.01E-04,-0.00128,-2200,-0.00624
1.01E-04,-0.00112,-2000,-0.00592
1.02E-04,-0.00128,-2000,-0.00624
1.02E-04,-0.00128,-2200,-0.00624
1.02E-04,-0.00144,-2200,-0.00624
1.02E-04,-0.00112,-2200,-0.00624
1.02E-04,-9.60E-04,-2200,-0.00608
1.03E-04,-0.00128,-2400,-0.00624
1.03E-04,-0.00112,-2400,-0.00608
1.03E-04,-0.00128,-2600,-0.00608
1.03E-04,-0.00112,-2600,-0.00608
1.03E-04,-0.00128,-2800,-0.0064
1.04E-04,-0.00128,-2600,-0.00608
1.04E-04,-0.00128,-2600,-0.00608
1.04E-04,-0.00112,-2800,-0.00608
1.04E-04,-0.00112,-2600,-0.00624
1.04E-04,-0.00128,-2800,-0.00624
1.05E-04,-0.00112,-2800,-0.00592
1.05E-04,-0.00112,-3200,-0.00608
1.05E-04,-0.00128,-2800,-0.00608
1.05E-04,-0.00112,-3000,-0.00608
1.05E-04,-9.60E-04,-2800,-0.00592
1.06E-04,-0.00112,-2800,-0.00608
1.06E-04,-0.00112,-3000,-0.00592
1.06E-04,-0.00112,-3400,-0.00592
1.06E-04,-0.00112,-3400,-0.00592
1.06E-04,-9.60E-04,-3400,-0.00608
1.07E-04,-0.00144,-3200,-0.00592
1.07E-04,-0.00112,-3400,-0.00576
1.07E-04,-9.60E-04,-3600,-0.00576
1.07E-04,-0.00128,-3600,-0.00608
1.07E-04,-8.00E-04,-3400,-0.00592
1.08E-04,-9.60E-04,-3800,-0.00592
1.08E-04,-0.00112,-3800,-0.00576
1.08E-04,-9.60E-04,-3600,-0.00576
1.08E-04,-8.00E-04,-4000,-0.0056
1.08E-04,-0.00128,-3600,-0.0056
1.09E-04,-0.00112,-3600,-0.0056
1.09E-04,-0.00128,-4000,-0.00576
1.09E-04,-9.60E-04,-3800,-0.00576
1.09E-04,-0.00112,-4000,-0.0056
1.09E-04,-9.60E-04,-3800,-0.0056
1.10E-04,-0.00112,-4000,-0.0056
1.10E-04,-0.00128,-4000,-0.0056
1.10E-04,-0.00112,-4200,-0.00544
1.10E-04,-0.00128,-4400,-0.00544
1.10E-04,-9.60E-04,-4200,-0.00544
1.11E-04,-8.00E-04,-4400,-0.00544
1.11E-04,-0.00112,-4400,-0.0056
1.11E-04,-9.60E-04,-4400,-0.00544
1.11E-04,-0.00112,-4400,-0.00528
1.11E-04,-9.60E-04,-4600,-0.0056
1.12E-04,-9.60E-04,-4800,-0.00544
1.12E-04,-9.60E-04,-4800,-0.00528
1.12E-04,-0.00112,-4600,-0.0056
1.12E-04,-9.60E-04,-4600,-0.00544
1.12E-04,-9.60E-04,-4600,-0.00544
1.13E-04,-0.00112,-5000,-0.00544
1.13E-04,-0.00112,-5000,-0.00544
1.13E-04,-0.00112,-4800,-0.00544
1.13E-04,-0.00112,-5000,-0.00528
1.13E-04,-0.00128,-5000,-0.00528
1.14E-04,-0.00128,-5000,-0.00512
1.14E-04,-0.00112,-5000,-0.00528
1.14E-04,-0.00112,-5000,-0.00528
1.14E-04,-9.60E-04,-5000,-0.00512
1.14E-04,-0.00112,-5200,-0.00512
1.15E-04,-0.00112,-5200,-0.00528
1.15E-04,-0.00112,-5200,-0.00496
1.15E-04,-9.60E-04,-5400,-0.00496
1.15E-04,-8.00E-04,-5400,-0.00512
1.15E-04,-9.60E-04,-5400,-0.00496
1.16E-04,-9.60E-04,-5400,-0.00496
1.16E-04,-0.00112,-5600,-0.00496
1.16E-04,-9.60E-04,-5400,-0.00496
1.16E-04,-0.00112,-5600,-0.0048
1.16E-04,-0.00112,-5400,-0.00496
1.17E-04,-0.00112,-5400,-0.0048
1.17E-04,-9.60E-04,-5800,-0.0048
1.17E-04,-0.00112,-5600,-0.0048
1.17E-04,-8.00E-04,-6000,-0.0048
1.17E-04,-8.00E-04,-5600,-0.0048
1.18E-04,-6.40E-04,-6000,-0.0048
1.18E-04,-0.00112,-5800,-0.00448
1.18E-04,-9.60E-04,-5800,-0.00464
1.18E-04,-9.60E-04,-5800,-0.00448
1.18E-04,-9.60E-04,-5800,-0.00496
1.19E-04,-8.00E-04,-6000,-0.0048
1.19E-04,-8.00E-04,-6000,-0.00448
1.19E-04,-9.60E-04,-6000,-0.0048
1.19E-04,-9.60E-04,-6400,-0.00464
1.19E-04,-0.00112,-6200,-0.00432
1.20E-04,-8.00E-04,-6200,-0.00432
1.20E-04,-0.00112,-6200,-0.00432
1.20E-04,-0.00112,-6000,-0.00448
1.20E-04,-9.60E-04,-6200,-0.00448
1.20E-04,-9.60E-04,-6200,-0.00432
1.21E-04,-8.00E-04,-6400,-0.00416
1.21E-04,-9.60E-04,-6600,-0.00416
1.21E-04,-9.60E-04,-6600,-0.00416
1.21E-04,-0.00112,-6400,-0.00432
1.21E-04,-0.00112,-6400,-0.00416
1.22E-04,-0.00112,-6400,-0.004
1.22E-04,-8.00E-04,-6600,-0.00416
1.22E-04,-9.60E-04,-6600,-0.004
1.22E-04,-8.00E-04,-6400,-0.00384
1.22E-04,-8.00E-04,-6600,-0.00384
1.23E-04,-9.60E-04,-6600,-0.00384
1.23E-04,-9.60E-04,-6600,-0.00384
1.23E-04,-6.40E-04,-6600,-0.00416
1.23E-04,-0.00128,-6600,-0.00368
1.23E-04,-8.00E-04,-6600,-0.00384
1.24E-04,-8.00E-04,-6800,-0.00384
1.24E-04,-8.00E-04,-6600,-0.00368
1.24E-04,-8.00E-04,-6800,-0.00368
1.24E-04,-8.00E-04,-6800,-0.00384
1.24E-04,-8.00E-04,-6800,-0.00368
1.25E-04,-8.00E-04,-7000,-0.00368
1.25E-04,-9.60E-04,-7000,-0.00368
1.25E-04,-8.00E-04,-7000,-0.00336
1.25E-04,-6.40E-04,-7000,-0.00336
1.25E-04,-9.60E-04,-7000,-0.00336
1.26E-04,-8.00E-04,-7000,-0.00336
1.26E-04,-6.40E-04,-7200,-0.00336
1.26E-04,-4.80E-04,-7000,-0.00336
1.26E-04,-6.40E-04,-7200,-0.00336
1.26E-04,-6.40E-04,-7000,-0.00336
1.27E-04,-8.00E-04,-7200,-0.00304
1.27E-04,-4.80E-04,-7400,-0.00336
1.27E-04,-6.40E-04,-7400,-0.0032
1.27E-04,-3.20E-04,-7400,-0.00304
1.27E-04,-6.40E-04,-7200,-0.00304
1.28E-04,-4.80E-04,-7400,-0.00304
1.28E-04,-3.20E-04,-7200,-0.00288
1.28E-04,-6.40E-04,-7400,-0.00304
1.28E-04,-6.40E-04,-7400,-0.00272
1.28E-04,-6.40E-04,-7200,-0.00272
1.29E-04,-8.00E-04,-7200,-0.00288
1.29E-04,-3.20E-04,-7200,-0.0032
1.29E-04,-6.40E-04,-7200,-0.00272
1.29E-04,-6.40E-04,-7200,-0.00256
1.29E-04,-9.60E-04,-7600,-0.00256
1.30E-04,-6.40E-04,-7400,-0.00256
1.30E-04,-3.20E-04,-7600,-0.00256
1.30E-04,-8.00E-04,-7400,-0.00272
1.30E-04,-4.80E-04,-7400,-0.00256
1.30E-04,-3.20E-04,-7600,-0.00224
1.31E-04,-4.80E-04,-7600,-0.0024
1.31E-04,-3.20E-04,-7600,-0.00224
1.31E-04,-3.20E-04,-7600,-0.00208
1.31E-04,-3.20E-04,-7600,-0.00224
1.31E-04,-8.00E-04,-7600,-0.00224
1.32E-04,-6.40E-04,-7600,-0.00208
1.32E-04,-8.00E-04,-7600,-0.00224
1.32E-04,-6.40E-04,-7800,-0.00208
1.32E-04,-3.20E-04,-7800,-0.00192
1.32E-04,-6.40E-04,-7800,-0.00176
1.33E-04,-6.40E-04,-7600,-0.00192
1.33E-04,-6.40E-04,-7800,-0.00208
1.33E-04,-4.80E-04,-7600,-0.00176
1.33E-04,-4.80E-04,-7600,-0.00192
1.33E-04,-6.40E-04,-7600,-0.00192
1.34E-04,-4.80E-04,-7800,-0.00176
1.34E-04,-3.20E-04,-7800,-0.00176
1.34E-04,-4.80E-04,-7800,-0.0016
1.34E-04,-6.40E-04,-7800,-0.0016
1.34E-04,-3.20E-04,-7800,-0.0016
1.35E-04,-3.20E-04,-8000,-0.00144
1.35E-04,-1.60E-04,-7800,-0.00128
1.35E-04,-3.20E-04,-7800,-0.00144
1.35E-04,-3.20E-04,-8000,-0.00128
1.35E-04,-3.20E-04,-7800,-0.00144
1.36E-04,-3.20E-04,-7800,-0.0032
1.36E-04,4.80E-04,-7600,-0.00176
1.36E-04,1.60E-04,-7800,-0.00128
1.36E-04,-3.20E-04,-7600,-0.00128
1.36E-04,-1.60E-04,-7600,-0.00128
1.37E-04,-4.80E-04,-7800,-0.00112
1.37E-04,-4.80E-04,-7800,-9.60E-04
1.37E-04,-1.60E-04,-7800,-9.60E-04
1.37E-04,-1.60E-04,-7800,-0.00112
1.37E-04,-3.20E-04,-8200,-8.00E-04
1.38E-04,-3.20E-04,-7800,-6.40E-04
1.38E-04,-3.20E-04,-7800,-8.00E-04
1.38E-04,-3.20E-04,-8000,-6.40E-04
1.38E-04,-1.60E-04,-7800,-6.40E-04
1.38E-04,-4.80E-04,-7800,-6.40E-04
1.39E-04,-3.20E-04,-7800,-6.40E-04
1.39E-04,-1.60E-04,-8000,-6.40E-04
1.39E-04,-1.60E-04,-7800,-4.80E-04
1.39E-04,-3.20E-04,-8000,-4.80E-04
1.39E-04,0,-7800,-4.80E-04
1.40E-04,-3.20E-04,-7800,-3.20E-04
1.40E-04,-4.80E-04,-8000,-4.80E-04
1.40E-04,-1.60E-04,-7800,-6.40E-04
1.40E-04,1.60E-04,-7800,-9.60E-04
1.40E-04,3.20E-04,-8000,-0.00112
1.41E-04,1.60E-04,-8000,-8.00E-04
1.41E-04,6.40E-04,-7800,-0.00112
1.41E-04,0,-7800,-3.20E-04
1.41E-04,0,-8000,0
1.41E-04,1.60E-04,-7800,1.60E-04
1.42E-04,1.60E-04,-7800,0
1.42E-04,0,-8000,0
1.42E-04,-1.60E-04,-7600,3.20E-04
1.42E-04,-1.60E-04,-8000,1.60E-04
1.42E-04,-3.20E-04,-7800,3.20E-04
1.43E-04,-1.60E-04,-8000,3.20E-04
1.43E-04,0,-7600,3.20E-04
1.43E-04,-1.60E-04,-7800,4.80E-04
1.43E-04,-1.60E-04,-7800,4.80E-04
1.43E-04,-1.60E-04,-7600,4.80E-04
1.44E-04,1.60E-04,-8000,4.80E-04
1.44E-04,0,-8000,6.40E-04
1.44E-04,-1.60E-04,-7600,6.40E-04
1.44E-04,0,-7800,6.40E-04
1.44E-04,1.60E-04,-7600,6.40E-04
1.45E-04,-1.60E-04,-7800,8.00E-04
1.45E-04,-1.60E-04,-7800,9.60E-04
1.45E-04,0,-7600,9.60E-04
1.45E-04,1.60E-04,-7600,9.60E-04
1.45E-04,-1.60E-04,-7600,0.00112
1.46E-04,0,-7800,0.00112
1.46E-04,0,-7800,0.00112
1.46E-04,1.60E-04,-7600,9.60E-04
1.46E-04,0,-7600,0.00112
1.46E-04,0,-7600,9.60E-04
1.47E-04,4.80E-04,-7600,9.60E-04
1.47E-04,0,-7800,0.00112
1.47E-04,4.80E-04,-7600,0.00128
1.47E-04,0,-7600,0.00128
1.47E-04,1.60E-04,-7600,0.00144
1.48E-04,3.20E-04,-7600,0.00144
1.48E-04,3.20E-04,-7400,0.00144
1.48E-04,1.60E-04,-7600,0.0016
1.48E-04,-1.60E-04,-7400,0.00144
1.48E-04,1.60E-04,-7400,0.0016
1.49E-04,0,-7400,0.00176
1.49E-04,0,-7400,0.0016
1.49E-04,1.60E-04,-7200,0.00192
1.49E-04,0,-7400,0.00176
1.49E-04,1.60E-04,-7400,0.00192
1.50E-04,1.60E-04,-7400,0.00192
1.50E-04,0,-7400,0.00176
1.50E-04,1.60E-04,-7400,0.00192
1.50E-04,3.20E-04,-7200,0.00192
1.50E-04,1.60E-04,-7200,0.00192
1.51E-04,4.80E-04,-7400,0.00224
1.51E-04,1.60E-04,-7400,0.00224
1.51E-04,3.20E-04,-7400,0.00208
1.51E-04,3.20E-04,-7200,0.0024
1.51E-04,3.20E-04,-7200,0.00224
1.52E-04,1.60E-04,-7200,0.0024
1.52E-04,3.20E-04,-7000,0.00224
